-- MySQL Administrator dump 1.4
--
-- ------------------------------------------------------
-- Server version	5.5.27


/*!40101 SET @OLD_CHARACTER_SET_CLIENT=@@CHARACTER_SET_CLIENT */;
/*!40101 SET @OLD_CHARACTER_SET_RESULTS=@@CHARACTER_SET_RESULTS */;
/*!40101 SET @OLD_COLLATION_CONNECTION=@@COLLATION_CONNECTION */;
/*!40101 SET NAMES utf8 */;

/*!40014 SET @OLD_UNIQUE_CHECKS=@@UNIQUE_CHECKS, UNIQUE_CHECKS=0 */;
/*!40014 SET @OLD_FOREIGN_KEY_CHECKS=@@FOREIGN_KEY_CHECKS, FOREIGN_KEY_CHECKS=0 */;
/*!40101 SET @OLD_SQL_MODE=@@SQL_MODE, SQL_MODE='NO_AUTO_VALUE_ON_ZERO' */;


--
-- Create schema bd_loja
--

CREATE DATABASE IF NOT EXISTS bd_loja;
USE bd_loja;

--
-- Definition of table `cliente`
--

DROP TABLE IF EXISTS `cliente`;
CREATE TABLE `cliente` (
  `id_cliente` int(10) unsigned NOT NULL AUTO_INCREMENT,
  `nome` varchar(100) NOT NULL,
  `rg` varchar(20) DEFAULT NULL,
  `cpf` varchar(15) DEFAULT NULL,
  `comentario` varchar(200) DEFAULT NULL,
  `cep` varchar(9) DEFAULT NULL,
  `rua` varchar(100) DEFAULT NULL,
  `bairro` varchar(90) DEFAULT NULL,
  `ponto_referencia` varchar(150) DEFAULT NULL,
  `cidade` varchar(80) DEFAULT NULL,
  `uf` varchar(2) DEFAULT NULL,
  `numero` int(10) unsigned DEFAULT NULL,
  `estado` varchar(25) DEFAULT NULL,
  PRIMARY KEY (`id_cliente`)
) ENGINE=InnoDB AUTO_INCREMENT=33 DEFAULT CHARSET=latin1 ROW_FORMAT=DYNAMIC;

--
-- Dumping data for table `cliente`
--

/*!40000 ALTER TABLE `cliente` DISABLE KEYS */;
INSERT INTO `cliente` (`id_cliente`,`nome`,`rg`,`cpf`,`comentario`,`cep`,`rua`,`bairro`,`ponto_referencia`,`cidade`,`uf`,`numero`,`estado`) VALUES 
 (18,'aaaaaaaaaaaaaaaaaaaaaaaaaaaaaaaaaaaaaaaaaaaaaaaaaaaaaaaaaaa','11111111111111111111','111.111.111-11','aaaaaaaaaaaaaaaaaaaaaaaaaaaaaaaaaaaaaaaaaaaaaaaaaaaaaaaaaaaaaaaaaaaaaaaaaaaaaaaaaaaaaaaaaaaaaaaaaaaaaaaaaaaaaaaaaaaaaaaaaaaaaaaaaaaaaaaaaaaaaaaaaaaaaaaaaaaaaaaaaaaaaaaaaaaaaaaaaaaaaaaaaaaaaaaaaaaaaaa.','57057-000','Avenida Fernandes Lima - de 3135 ao fim - lado ímpar','Gruta de Lourdes','aaaaaaaaaaaaaaaaaaaaaaaaaaaaaaaaaaaaaaaaaaaaaaaaaaaaaaaaaaaaaaaaaaaaaaaaaaaaaaaaaaaaaaaaaaaaaaaaaaaaaaaaaaaaaaaaaaaaaaaaaaaaaaaaaaaaaaaaaaaaaaaaaaaaaa','Maceió','AL',1024,'Alagoas'),
 (19,'bbbbbbbbbbbbbbbbbbbbbbbbbbbbbbbbbbbbbbbbbbbbbbbbbbbbbbbbbbbb','22222222222222222222','222.222.222-22','bbbbbbbbbbbbbbbbbbbbbbbbbbbbbbbbbbbbbbbbbbbbbbbbbbbbbbbbbbbbbbbbbbbbbbbbbbbbbbbbbbbbbbbbbbbbbbbbbbbbbbbbbbbbbbbbbbbbbbbbbbbbbbbbbbbbbbbbbbbbbbbbbbbbbbbbbbbbbbbbbbbbbbbbbbbbbbbbbbbbbbbbbbbbbbbbbbbbbbbb','57057-000','Avenida Fernandes Lima - de 3135 ao fim - lado ímpar','Gruta de Lourdes','bbbbbbbbbbbbbbbbbbbbbbbbbbbbbbbbbbbbbbbbbbbbbbbbbbbbbbbbbbbbbbbbbbbbbbbbbbbbbbbbbbbbbbbbbbbbbbbbbbbbbbbbbbbbbbbbbbbbbbbbbbbbbbbbbbbbbbbbbbbbbbbbbbbbbb','Maceió','AL',222222222,'Alagoas'),
 (20,'cccccccccccccccccccccccccccccccccccccccccccccccccccccccccccc','33333333333333333333','333.333.333-33','cccccccccccccccccccccccccccccccccccccccccccccccccccccccccccccccccccccccccccccccccccccccccccccccccccccccccccccccccccccccccccccccccccccccccccccccccccccccccccccccccccccccccccccccccccccccccccccccccccccccc','57040-005','1ª Travessa Coronel Paranhos','Jacintinho','cccccccccccccccccccccccccccccccccccccccccccccccccccccccccccccccccccccccccccccccccccccccccccccccccccccccccccccccccccccccccccccccccccccccccccccccccccccc','Maceió','AL',333333333,'Alagoas'),
 (21,'dddddddddddddddddddddddddddddddddddddddddddddddddddddddddddd','44444444444444444444','444.444.444-44','dddddddddddddddddddddddddddddddddddddddddddddddddddddddddddddddddddddddddddddddddddddddddddddddddddddddddddddddddddddddddddddddddddddddddddddddddddddddddddddddddddddddddddddddddddddddddddddddddddddddd','57057-560','Rua Pedro Oliveira Rocha','Pinheiro','dddddddddddddddddddddddddddddddddddddddddddddddddddddddddddddddddddddddddddddddddddddddddddddddddddddddddddddddddddddddddddddddddddddddddddddddddddddd','Maceió','AL',555555555,'Alagoas'),
 (22,'eeeeeeeeeeeeeeeeeeeeeeeeeeeeeeeeeeeeeeeeeeeeeeeeeeeeeeeeeeee','55555555555555555555','555.555.555-55','eeeeeeeeeeeeeeeeeeeeeeeeeeeeeeeeeeeeeeeeeeeeeeeeeeeeeeeeeeeeeeeeeeeeeeeeeeeeeeeeeeeeeeeeeeeeeeeeeeeeeeeeeeeeeeeeeeeeeeeeeeeeeeeeeeeeeeeeeeeeeeeeeeeeeeeeeeeeeeeeeeeeeeeeeeeeeeeeeeeeeeeeeeeeeeeeeeeeeeee','57057-700','Conjunto Fernandes Lima','Pinheiro','eeeeeeeeeeeeeeeeeeeeeeeeeeeeeeeeeeeeeeeeeeeeeeeeeeeeeeeeeeeeeeeeeeeeeeeeeeeeeeeeeeeeeeeeeeeeeeeeeeeeeeeeeeeeeeeeeeeeeeeeeeeeeeeeeeeeeeeeeeeeeeeeeeeeee','Maceió','AL',555555555,'Alagoas'),
 (23,'gggggggggggggggggggggggggggggggggggggggggggggggggggggggggggg','66666666666666666666','666.666.666-66','','-','','','','','--',0,'-------------------'),
 (24,'hhhhhhhhhhhhhhhhhhhhhhhhhhhhhhhhhhhhhhhhhhhhhhhhhhhhhhhhhhhh','','..-','','-','','','','','--',0,'-------------------'),
 (25,'iiiiiiiiiiiiiiiiiiiiiiiiiiiiiiiiiiiiiiiiiiiiiiiiiiiiiiiiiiii','','..-','','-','','','','','--',0,'-------------------'),
 (26,'José Messias da Silva Sampaio','2002001316367','075.734.894-71','Marido da Mirabel Paula Souza Vieira.	','57040-005','1ª Travessa Coronel Paranhos','Jacintinho','Próximo a 96 FM.','Maceió','AL',555,'Alagoas'),
 (27,'Mirabel Paula Souza Vieira','123456789','555.555.555-55','Mulher do Messias da Silva Sampaio','57040-005','1ª Travessa Coronel Paranhos','Jacintinho','Próximo a 96FM.','Maceió','AL',555,'Alagoas'),
 (30,'Magna Crsitina','754318898244','888.888.888-88','Irmã da Mirabel Paula Vieira Sampaio.','57265-000','Quadra E','Centro','Multirão Nossa Senhora de Guada Lupe.','Teotônio Vilela','AL',20,'Alagoas'),
 (31,'hhhhhhhhhhhhhhhhhhhhhhhhhhhhhhhhhhhhhhhhhhhhhhhhhhhhhhhhhhhh','7878787878787878787','666.666.666-66','hhhhhhhhhhhhhhhhhhhhhhhhhhhhhhhhhhhhhhhhhhhhhhhhhhhhhhhhhhhh','57057-000','Avenida Fernandes Lima - de 3135 ao fim - lado ímpar','Gruta de Lourdes','hhhhhhhhhhhhhhhhhhhhhhhhhhhhhhhhhhhhhhhhhhhhhhhhhhhhhhhhhhhh','Maceió','AL',1024,'Alagoas'),
 (32,'gggggggggggggggggggggggggggggggggggggggggggggggggggggggggggg','','..-','','-','','','','','--',0,'-------------------');
/*!40000 ALTER TABLE `cliente` ENABLE KEYS */;


--
-- Definition of table `comprar`
--

DROP TABLE IF EXISTS `comprar`;
CREATE TABLE `comprar` (
  `id_compra` int(10) unsigned NOT NULL AUTO_INCREMENT,
  `data_compra` date NOT NULL,
  `id_fornecedor` int(10) unsigned NOT NULL,
  `id_lista_compra` int(10) unsigned NOT NULL,
  `forma_pagamento` varchar(45) NOT NULL,
  `status` int(1) unsigned NOT NULL,
  PRIMARY KEY (`id_compra`),
  KEY `FK_comprar_lista_compra` (`id_lista_compra`),
  KEY `FK_comprar_fornecedor` (`id_fornecedor`),
  CONSTRAINT `FK_comprar_fornecedor` FOREIGN KEY (`id_fornecedor`) REFERENCES `fornecedor` (`id_fornecedor`) ON DELETE CASCADE,
  CONSTRAINT `FK_comprar_lista_compra` FOREIGN KEY (`id_lista_compra`) REFERENCES `lista_compra` (`id_lista_compra`) ON DELETE CASCADE
) ENGINE=InnoDB DEFAULT CHARSET=latin1;

--
-- Dumping data for table `comprar`
--

/*!40000 ALTER TABLE `comprar` DISABLE KEYS */;
/*!40000 ALTER TABLE `comprar` ENABLE KEYS */;


--
-- Definition of table `despesas`
--

DROP TABLE IF EXISTS `despesas`;
CREATE TABLE `despesas` (
  `id_despesas` int(10) unsigned NOT NULL AUTO_INCREMENT,
  `data` date NOT NULL,
  `descricao` varchar(300) NOT NULL,
  `valor` double NOT NULL,
  PRIMARY KEY (`id_despesas`)
) ENGINE=InnoDB DEFAULT CHARSET=latin1;

--
-- Dumping data for table `despesas`
--

/*!40000 ALTER TABLE `despesas` DISABLE KEYS */;
/*!40000 ALTER TABLE `despesas` ENABLE KEYS */;


--
-- Definition of table `email_cliente`
--

DROP TABLE IF EXISTS `email_cliente`;
CREATE TABLE `email_cliente` (
  `id_cliente` int(10) unsigned NOT NULL,
  `e_mail` varchar(60) NOT NULL,
  PRIMARY KEY (`id_cliente`,`e_mail`),
  CONSTRAINT `FK_email_cliente` FOREIGN KEY (`id_cliente`) REFERENCES `cliente` (`id_cliente`) ON DELETE CASCADE ON UPDATE CASCADE
) ENGINE=InnoDB DEFAULT CHARSET=latin1;

--
-- Dumping data for table `email_cliente`
--

/*!40000 ALTER TABLE `email_cliente` DISABLE KEYS */;
INSERT INTO `email_cliente` (`id_cliente`,`e_mail`) VALUES 
 (18,'a@a.com.br'),
 (18,'ab@ab.com.br'),
 (19,'b@b.com'),
 (19,'b@b.com.br'),
 (20,'c@c.com'),
 (20,'c@c.com.br'),
 (21,'d@.com.br'),
 (21,'d@d.com'),
 (22,'e@e.com'),
 (22,'e@e.com.br'),
 (22,'eee@ee.com.br'),
 (26,'jmessias1725@gmail.com'),
 (26,'jmessias1725@hotmail.com'),
 (27,'mirabelpaula@gmail.com'),
 (27,'mirabelpaula@hotmail.com'),
 (30,'magnamaceio@gmail.com'),
 (30,'magnamaceio@hotmail.com'),
 (31,'hhhhhhhhhhhh@hhhhhhh.com.br'),
 (32,'g@g.com');
/*!40000 ALTER TABLE `email_cliente` ENABLE KEYS */;


--
-- Definition of table `email_fornecedor`
--

DROP TABLE IF EXISTS `email_fornecedor`;
CREATE TABLE `email_fornecedor` (
  `id_fornecedor` int(10) unsigned NOT NULL,
  `e_mail` varchar(60) NOT NULL,
  PRIMARY KEY (`e_mail`,`id_fornecedor`) USING BTREE,
  KEY `FK_email_fornecedor` (`id_fornecedor`),
  CONSTRAINT `FK_email_fornecedor` FOREIGN KEY (`id_fornecedor`) REFERENCES `fornecedor` (`id_fornecedor`) ON DELETE CASCADE ON UPDATE CASCADE
) ENGINE=InnoDB DEFAULT CHARSET=latin1;

--
-- Dumping data for table `email_fornecedor`
--

/*!40000 ALTER TABLE `email_fornecedor` DISABLE KEYS */;
INSERT INTO `email_fornecedor` (`id_fornecedor`,`e_mail`) VALUES 
 (1,'jmessias1725@gmail.com'),
 (2,'a@a.com'),
 (2,'a@a.com.br'),
 (4,'cccc@c.com.br'),
 (5,'ccccccccccccc@cycosaveiculos.com.br'),
 (5,'cpd@cycosaveiculos.com.br');
/*!40000 ALTER TABLE `email_fornecedor` ENABLE KEYS */;


--
-- Definition of table `fornecedor`
--

DROP TABLE IF EXISTS `fornecedor`;
CREATE TABLE `fornecedor` (
  `id_fornecedor` int(10) unsigned NOT NULL AUTO_INCREMENT,
  `cnpj` varchar(18) DEFAULT NULL,
  `razao_social` varchar(100) NOT NULL,
  `nome` varchar(100) NOT NULL,
  `cep` varchar(9) DEFAULT NULL,
  `rua` varchar(100) DEFAULT NULL,
  `numero` int(10) unsigned DEFAULT NULL,
  `bairro` varchar(90) DEFAULT NULL,
  `cidade` varchar(80) DEFAULT NULL,
  `uf` varchar(2) DEFAULT NULL,
  `ponto_referencia` varchar(150) DEFAULT NULL,
  `comentario` varchar(200) DEFAULT NULL,
  `estado` varchar(25) DEFAULT NULL,
  PRIMARY KEY (`id_fornecedor`)
) ENGINE=InnoDB AUTO_INCREMENT=6 DEFAULT CHARSET=latin1;

--
-- Dumping data for table `fornecedor`
--

/*!40000 ALTER TABLE `fornecedor` DISABLE KEYS */;
INSERT INTO `fornecedor` (`id_fornecedor`,`cnpj`,`razao_social`,`nome`,`cep`,`rua`,`numero`,`bairro`,`cidade`,`uf`,`ponto_referencia`,`comentario`,`estado`) VALUES 
 (1,'00.000.000/0000-00','Messias MS informárica','MD Informática','57040-005','1ª Travessa Coronel Paranhos',555,'Jacintinho','Maceió','AL','','','Alagoas'),
 (2,'11.111.111/1111-11','aaaaaaaaaaaaaaaaaaaaaaaaaaaa','aaaaaaaaaaaaaaaaa','57057-000','Avenida Fernandes Lima - de 3135 ao fim - lado ímpar',1024,'Gruta de Lourdes','Maceió','AL','aaaaaaaaaaaaaaaaaaaaaaaaaaaaaaaaaaaaaaaaaaaaaaaaaaaaaaaaaaaaaaaaaaaaaaaaaaaaaaaaaaaaaaaaaaaaaaaaaaaaaaaaaaaaaaaaaaaaaaaaaaaaaaaaaaaaaaaaaaaaaaaaaaaaaa','aaaaaaaaaaaaaaaaaaaaaaaaaaaaaaaaaaaaaaaaaaaaaaaaaaaaaaaaaaaaaaaaaaaaaaaaaaaaaaaaaaaaaaaaaaaaaaaaaaaaaaaaaaaaaaaaaaaaaaaaaaaaaaaaaaaaaaaaaaaaaaaaaaaaaaaaaaaaaaaaaaaaaaaaaaaaaaaaaaaaaaaaaaaaaaaaaaaaaaaa','Alagoas'),
 (4,'08.983.490/0001-03','cccccccccccccccccccccccccccccccccccccccccccccccccccccccccccccccccccccccccccccccccccccccccccccccccccc','cccccccccccccccccccccccccccccccccccccccccccccccccccccccccccccccccccccccccccccccccccccccccccccccccccc','57057-000','Avenida Fernandes Lima - de 3135 ao fim - lado ímpar',1024,'Gruta de Lourdes','Maceió','AL','cccccccccccccccccccccccccccccccccccccccccccccccccccccccccccccccccccccccccccccccccccccccccccccccccccccccccccccccccccccccccccccccccccccccccccccccccccccc','cccccccccccccccccccccccccccccccccccccccccccccccccccccccccccccccccccccccccccccccccccccccccccccccccccccccccccccccccccccccccccccccccccccccccccccccccccccccccccccccccccccccccccccccccccccccccccccccccccccccc','Alagoas'),
 (5,'12.270.740/0001-27','CYCOSA CYRO ACCIOLY COMÉRCIO LTDA','Cycosa Veículos','57057-450','Avenida Fernandes Lima - de 1513 a 3113 - lado ímpar',2491,'Pinheiro','Maceió','AL','Ao lado do Banco itaú e Bradesco.','A melhor revenda ford do Brasil.','Alagoas');
/*!40000 ALTER TABLE `fornecedor` ENABLE KEYS */;


--
-- Definition of table `lista_compra`
--

DROP TABLE IF EXISTS `lista_compra`;
CREATE TABLE `lista_compra` (
  `id_lista_compra` int(10) unsigned NOT NULL AUTO_INCREMENT,
  `valor_total` double NOT NULL,
  PRIMARY KEY (`id_lista_compra`)
) ENGINE=InnoDB DEFAULT CHARSET=latin1;

--
-- Dumping data for table `lista_compra`
--

/*!40000 ALTER TABLE `lista_compra` DISABLE KEYS */;
/*!40000 ALTER TABLE `lista_compra` ENABLE KEYS */;


--
-- Definition of table `lista_itens_comp`
--

DROP TABLE IF EXISTS `lista_itens_comp`;
CREATE TABLE `lista_itens_comp` (
  `id_lista_compra` int(10) unsigned NOT NULL,
  `id_produto` int(10) unsigned NOT NULL,
  `valor_unidade` double NOT NULL,
  `quantidade` int(10) unsigned NOT NULL,
  `valor_soma_prod` double NOT NULL,
  PRIMARY KEY (`id_lista_compra`,`id_produto`),
  KEY `FK_lista_itens_comp_produtos` (`id_produto`),
  CONSTRAINT `FK_lista_itens_comp` FOREIGN KEY (`id_lista_compra`) REFERENCES `lista_compra` (`id_lista_compra`) ON DELETE CASCADE,
  CONSTRAINT `FK_lista_itens_comp_produtos` FOREIGN KEY (`id_produto`) REFERENCES `produto` (`id_produto`) ON DELETE CASCADE
) ENGINE=InnoDB DEFAULT CHARSET=latin1;

--
-- Dumping data for table `lista_itens_comp`
--

/*!40000 ALTER TABLE `lista_itens_comp` DISABLE KEYS */;
/*!40000 ALTER TABLE `lista_itens_comp` ENABLE KEYS */;


--
-- Definition of table `lista_itens_venda`
--

DROP TABLE IF EXISTS `lista_itens_venda`;
CREATE TABLE `lista_itens_venda` (
  `id_lista_venda` int(10) unsigned NOT NULL,
  `id_produto` int(10) unsigned NOT NULL,
  `valor_unidade` double NOT NULL,
  `quantidade` int(10) unsigned NOT NULL,
  `valor_soma_produtos` double NOT NULL,
  PRIMARY KEY (`id_lista_venda`,`id_produto`),
  KEY `FK_lista_itens_venda_produtos` (`id_produto`),
  CONSTRAINT `FK_lista_itens_venda` FOREIGN KEY (`id_lista_venda`) REFERENCES `lista_venda` (`id_lista_venda`) ON DELETE CASCADE,
  CONSTRAINT `FK_lista_itens_venda_produtos` FOREIGN KEY (`id_produto`) REFERENCES `produto` (`id_produto`) ON DELETE CASCADE
) ENGINE=InnoDB DEFAULT CHARSET=latin1;

--
-- Dumping data for table `lista_itens_venda`
--

/*!40000 ALTER TABLE `lista_itens_venda` DISABLE KEYS */;
/*!40000 ALTER TABLE `lista_itens_venda` ENABLE KEYS */;


--
-- Definition of table `lista_venda`
--

DROP TABLE IF EXISTS `lista_venda`;
CREATE TABLE `lista_venda` (
  `id_lista_venda` int(10) unsigned NOT NULL AUTO_INCREMENT,
  `valor_total` double NOT NULL,
  PRIMARY KEY (`id_lista_venda`)
) ENGINE=InnoDB DEFAULT CHARSET=latin1;

--
-- Dumping data for table `lista_venda`
--

/*!40000 ALTER TABLE `lista_venda` DISABLE KEYS */;
/*!40000 ALTER TABLE `lista_venda` ENABLE KEYS */;


--
-- Definition of table `loja`
--

DROP TABLE IF EXISTS `loja`;
CREATE TABLE `loja` (
  `id_loja` int(10) unsigned NOT NULL AUTO_INCREMENT,
  `cnpj` varchar(18) DEFAULT NULL,
  `razao_social` varchar(100) DEFAULT NULL,
  `nome` varchar(100) NOT NULL,
  `cep` varchar(9) NOT NULL,
  `rua` varchar(100) NOT NULL,
  `numero` int(10) unsigned NOT NULL,
  `bairro` varchar(90) NOT NULL,
  `cidade` varchar(80) NOT NULL,
  `uf` varchar(2) NOT NULL,
  `estado` varchar(25) NOT NULL,
  `logomarca` longblob,
  `extensao` varchar(4) DEFAULT NULL,
  PRIMARY KEY (`id_loja`)
) ENGINE=InnoDB AUTO_INCREMENT=8 DEFAULT CHARSET=latin1;

--
-- Dumping data for table `loja`
--

/*!40000 ALTER TABLE `loja` DISABLE KEYS */;
INSERT INTO `loja` (`id_loja`,`cnpj`,`razao_social`,`nome`,`cep`,`rua`,`numero`,`bairro`,`cidade`,`uf`,`estado`,`logomarca`,`extensao`) VALUES 
 (1,'100','Messias desenvolvimento de software','MD','57040005','travessa coronel paranhos',555,'jacintinho','maceió','AL','',NULL,NULL),
 (2,'00.000.000/0000-00','a','a','57040-005',':nome_rua',555,':nome_bairro',':nome_cidade','al',':nome_estado',NULL,'jpg'),
 (3,'00.000.000/0000-00','aaaaaaaaaaaaaaaaaaa','aaaaaaaaaaaaaaaa','57057-000','Avenida Fernandes Lima - de 3135 ao fim - lado ímpar',0,'Gruta de Lourdes','Maceió','AL','Alagoas',NULL,'JPG'),
 (4,'00.000.000/0000-00','aaa','aaa','57057-000','Avenida Fernandes Lima - de 3135 ao fim - lado ímpar',555555555,'Gruta de Lourdes','Maceió','AL','Alagoas',0xFFD8FFE000104A46494600010101006000600000FFDB004300080606070605080707070909080A0C140D0C0B0B0C1912130F141D1A1F1E1D1A1C1C20242E2720222C231C1C2837292C30313434341F27393D38323C2E333432FFDB0043010909090C0B0C180D0D1832211C213232323232323232323232323232323232323232323232323232323232323232323232323232323232323232323232323232FFC00011080080008003012200021101031101FFC4001F0000010501010101010100000000000000000102030405060708090A0BFFC400B5100002010303020403050504040000017D01020300041105122131410613516107227114328191A1082342B1C11552D1F02433627282090A161718191A25262728292A3435363738393A434445464748494A535455565758595A636465666768696A737475767778797A838485868788898A92939495969798999AA2A3A4A5A6A7A8A9AAB2B3B4B5B6B7B8B9BAC2C3C4C5C6C7C8C9CAD2D3D4D5D6D7D8D9DAE1E2E3E4E5E6E7E8E9EAF1F2F3F4F5F6F7F8F9FAFFC4001F0100030101010101010101010000000000000102030405060708090A0BFFC400B51100020102040403040705040400010277000102031104052131061241510761711322328108144291A1B1C109233352F0156272D10A162434E125F11718191A262728292A35363738393A434445464748494A535455565758595A636465666768696A737475767778797A82838485868788898A92939495969798999AA2A3A4A5A6A7A8A9AAB2B3B4B5B6B7B8B9BAC2C3C4C5C6C7C8C9CAD2D3D4D5D6D7D8D9DAE2E3E4E5E6E7E8E9EAF2F3F4F5F6F7F8F9FAFFDA000C03010002110311003F00E913AD48A39A628CF4A995091ED5ED1E1A438363A0A5DD9F7A509C7268E14503B30029C081D0D46724D557D52CA19C40D2EF93CC111098203FF773D37E0E7667791C85349D96E0A2DBD0D04C9E69C060F3442C1E3570080C03608208FC0F23F1A57EBC0A6876B21AE38E2A21113C9A97058D2C92436D0996E258E28C632F2305519381927DCD17B215AEC8C478347959EB4E4BA827D28EA70334F62377FA4428644C2E7272A0F03079E95CF68BE2FB7D7B58BEB3B6B665B7B65C8B87700C8738E13AE0F273F9E09AC2AE2A8528B9D49A496E6F0C2D49C946316DB36986D351B027B5594F2E65DF1C8922E4AEE43919070471E8411F8529403B57426A4935B18B834ECCA2F16467BD577801CD6832D31A3CF514C4E098F502A51491C0E4F4356A3B56F4A8BA3750655E49E335C37C54D6A5D1BC396D0DA5E496F7977371E5E4131A83BBE6EDC94EF9FA8CD7A31B620F02AD6B9E1BD0B56D3636BFD321BD78942A7991EE233804E7B70064FB0EF815C38FA928414A32E549DE5E893D3CB5B7DD63A70D49393E657EDEA7CD3E03BAD4EE350934AB1B59AF4CC37AC2F74E96D0904132CA8BC30180307820E304918F79D2745834AB48A35588CA8186F48963550CDB9951470899E768F4C9C9C934BC25E13B1D06E35196DEC7C89E7941620E54263855F419C923DC76031D418C8E3151973A35E9AC5435E6DBCBFCBE46B8B55212745E8976EBFE650B9B3FB5C223335C43B5838682528411D09ECC39E8C0A9EE0D72175E339BC31A945A5F896C6666901FB3DFDA4794B9C1007C99CAB60FCCB93838C70C2BD03CB38E958BE29F0C9F1168AD6F198A3BC85D66B59645242383DF1D88CA9EB8CE704815DD3BDAF1DCE48C16D23134BF883E1FD4F5C4D25249619A4388649542C7237185073F789CE07438E0E4815D879640C62BE4CD51AFD6EA6B5BF0C26B699E3901C12AF9C104F7FBBEA7A57D2DF0F3C41278AFC2705E5C2B0BB84F91724E3E77007CE31EA083D07391D05654B11CD2E56693A0A2AE69DC696B7CB2286B886474DAD35B4CD14800CE3E6520E01624039193D2B95F0E782749F0CE912EA975A89BAD4255314CE92111C655B94C8C127728073DC6300641F56D3AC10DA3C8CA3739C027D07FF5EBC3FE26EB93D8788356D08EF8EDF6234436E15A37405B93D72FBBA7D323B79936EB63A54DC5725BE6DA7D7BAB6C7445FB2A2A7777FCBD0D6F87D790CE9AC69D146638ED2ECB46AA7F7691BE70AA3B0CAB1FF8157626315E59F04CB30D7C1FE136F81FF7F2BD60A3632057B5095E3A1C6E167621F27F5A63C200CE2A47675E2A0779083814EE1646AA840718156228D48E954C3AF999CF15692550739AC8D91652DD49C9ACEF0BDF25CD85ECB26C966B4B96B4C601195C3961C6790CBDC8F941ABA6F1628D9D880AAA4924E30075AE63E1F3BCDE0917AD33B9BBBA95CEFCEE5DADE501CFA08C761DF8E6B831D1E78AA6FAB37A2ECDB3A183E7B82CF8F9BAE6AD8B5466CD67C2C3CC0AC73CE091597A078CAD354BAB8D3279628757B495A19ADB770ECB905A3CF2CBF29F71DFA826F094161E1ECE24D59F3BBB3A936C8A334DF2942F02A16BA67E2AAEA13B476AC193CC18DCE9D8A8E483F5F4FCF8AE9774AECCD2BBB23C8FE3468F68C23D5ECDCB3CC425D8504F2A00424F6C8007B80BEBCDDF8137005BEAB6E41F98C6E3DB191FD4579DF8BB5F7BFD4A748CB0F309595D405F346EDC091819E80723B67BD749F09754165AEC0AD398E2B97F2DD55410D904203D48F9B6F231DB27AD631825AADDBBB09CEED5F6D91F4C23AC36519C606D07F3AF9ABE324E6F3E244271853A6AAFD0799275AF75FED9FB6695B9BFD60EFD88EC6BC17E2A47247E2DB2BC603CB92C8C4AD90795724FFE843F3AE585397B78CDEDA9AD592F64D226F82971345E2AD5B4BF90C32DA89DB2390C8E00C1F4FDE37E95EE3E48D84F15E03F0AB51687E255A451A0717F6B2C1213C6D0079991EBCC607E35F41CCAC9F435E8A76D118C7549B33A4854B6714D288AB8AD0920013777AA72DBC8E32315571D8A31EE6ABB02F76FCA9D1C67002AF6ED414914E08229F30B94E4BE26EAE746F04DCBC6EE935D3ADB46CBD89C920FB15561F88A6FC3BB9DBE00B08C6E09BE72A3D3F7D2561FC50B2BAD76F6CF46B377696DE16BB36ECDB63918E769EBC9558A6EA0632304EE38E93C2B02E9FE16B0B211A030C2AAC14003763E63F89C9FA9358CBDE97A14B4674968433E013D7BD79B788BC21E1A1AF6AD3DE5CCF0F9B29959DA42A2376DAD95014EE24B7BFE86BB0BBD76D341D3EE753BC2E21817736D196249C003DC92073C73CD7846ADE2BD43C4B7CD7374CF2DCC926D4862076A2FF084507279E3FF00AE6B392BB093B2DAE7A02F8FFF00B1EC5ACECAFE7BDC38115C6A0EA642A73D48C018EB9627AFA629B1F891A7F8793CB73F6C79AF64669A763CEC0D81B7FD92770C75CA9AC86F871E32D574BD3C278764811417795AE2256F98E788CB020E3B1E7AF4AC2D7255B28160B68A78E182358E01237CC8C7924F7C9C1EDC74FA55EFA1176B5672BA8C9E75C3CACD966627B81FAF3CFBFE35B9A26A87439ACEE62543341224AA920246E04119E41C67A8CD7353CCD2C83700BB0600E3B7D2ACC92318A077955CE0819EA87D3FCE7A8E9570925762A94DC9247D1FE18D5A3D5B468EE22270D90437507D0D71FF0016B4A96E347B5D4E37E6CE42AEB9E0A485467EBB828C7B9AE23C21E339BC3DA89057CDB490812C40F38FEF2FB8FD7A7A11E83E3ED460D47E1E5D5CDACA92C33796C8C3FEBA2F6EB9F63CD572AE5D3A14A4DEFB9E47E13D5FFB0BC57A5EA6F3490A5B5D234AF1F24444E1C63A9CA9231F5AFABEE272FD01AF8CD490849E99E3EB5F5FE8F7571AB787B4ED49E0547BBB58A7654E80B286C0F6E6B3A6D1A49132DC33B6CE71EF5379920E021C52C16D22BEE75C0F7AD78511A3C1C1AA9CD21244F15BC400000A24B3471C8A17E539CD59DE0AF5AE36E49E868923CD844F71AAF8BF5A954BDBE9F1C96F644AA1DA5615F331DC10C1B93D43FA7155D17EC33CF68F8CC6E50FE06B634CB7B65F00F886EA2BB5961D466D42EA376E0057670A07AF41F9E2B0351F3905BCD387F3A4B789E5DC413B8A02724000FE55B424D4B5224B43CC7E2CEAEED7165A52B108AA6E5C63824E554E7AF187FCEBBDF83DF0EADACF4F1AD6AF685B55930F124C3FE3D90E7181D98E3249E4671C7CD9C8D5FC1F6BAEF886C358B99F315BA847B768C1590292C324F6C9E410722BD77C3B233A4EE0103E519C71DFFCFE35336DC8A8A563627963B1B396795B10C285DCFA281935F1C6A930B8BFB87B832AB3B866CE0123FDDFC739CF6EFD6BEBAF11B03E14D5CB7FCF94DDB3FC06BE41D62ECB4F2A9313162436D3BB240EA09CE39F43C8029D3EA675356918982EBB87504015D2E81A53EA76D7AE216B8586D9B1121F98C87950A07BA1FD38ED5CDA865CA85E4707FC2BDCBE09E9C0CF6D72F023EE91E52FD5B6AAED52DF47C91F5AAB7BAC72DD23C724B6905BA5E2999E02EB18988006F08AC57A9E99E09C640CF1C8169F59B97D08692C5BECFF0068F347270BC1CAFD3383F5CFAD7B6788BE1858F87F4ABBB5B7B8B89348BDB92F1DB9001B5254701F966FBA31BBA0519C9C93E11A859C9A75F4D653B0324671B87391D41FCB07F1A213B89C7529955DAA18EDC038247F9FF26BEB3F83DA90D67E17E96649C4D7169BED250060C7B18EC53C768CC7FF00EBAF93E285A6560031724040392C738FC3FF00AC6BDFFF00670D4667D1B5ED2D963F26DEE229D5803B8B48A5581F6FDD2E3EA6A2A2D2E8D22D5EC7B0CD0337CAB4436ACBD4D5DC73934D2769ACF9DDAC572A28C68C47CC692EAE63B2B59AE6E2411C10A349239E8AA0649FC85538F55B2638FB420FAB567F8A668F50F08EB7616CE8F7173613C312970373B46C00C9E072455F526C51B0D3920F873A1E9614433C96F6B1C71B029BA5015CE7D0E5589FC6A2F1A24113C02019D8A236DAA0018E9FE1F9568EA3AAD9DCCB61293E6F937624D8AC39211C02724700907F0EF5C1EBFAB37DA2476E54F51CE3F0FCAAA11EAC52764305EF931E0EDEB8E7FCFF009CD7A4F84159B40495882B2BB32F3938FBBCFE20D78F69DB354D5ADE0918C513BAAB3A9C6D527071F81AF6E8350D36D628AD20951628D0222EECE140C0193ED532BB62819FE37BC1A7781F57B864DEA603115033C39087FF0042AF90F529167779F0ABB9B00707000E071F4AFAA7E20EA36EFE05D6024E01089C8E71995067A1F5F4AF9635470A422EEC6060326D38233D3278C9CF1EA7A66AE1A264CBE3467C684C98E031E801AFA77E0B69496DE1F4BACB1CC2A01CE465CEF23EA32BF9D7CCF65034F32A46199D9B6855192C49C0007BF15F57F819AD344F0C476464015242172792000B9FFC74D525FBB6C6DFBE91BBE31B4FB6F866E76A967800994038E9D7FF001D26BE6CF1C69467B78F538D09319D9203D429E87AF63E83F8BDABE9FF00ED1B17730B4B1B02BF32939047BD78DF8A74B8F46D5A4B7189B4EB9C8425720A1EA9D7B6707D7AD651D342A7DCF0EB18259A3B9915942431EF619C71B9573F9B0FCABD8FF672D4561D6B5CD336333DCDBC773E6765F2D8A91F53E68FC8D79CE816BFD9BE22BCD3EEC48164824B772B81F2B746EFEDF8D6D7C1CD69745F89568AD3470DB5E2496B2193B8237281E84BAA01F5C55CA3FBB428CAF3691F5897E2A276CF7AA8F7D02E3328FCEA13A9DA6EC79CBF9D64A05B6795A11EDF5A99581E38AA49C75CF02A40E474FCAA468B82548E488B0040DC40CE0FDD383EF8241E6B85D52E9AE2E8BEECAE4ED5E3A8FF00F5574DA8FCB6F35DC8A8B0C1131F38B7DD62476EC36EEE4FA7E7E7DA6C77BA969DAAEB7E706B5B37C08C27CCC011B8FA800306FCFD2B68BF77531A8A52764763E1684BCFE6B81C2EEE571FE4F3FA5761BF15CD786593FB296E10822620A90720AF6FEB5B29751480E1C6E5E3078E6A27BD8BA5A44A7E30BB4B6F04EAFB8659E28D571EA268DBF929AF13F10DAB5BEA53AEC3118B6AED1DC850A48F63807E8457B178B2584E8E96931531DDCF142EA4EDCAEE0CD83EB806BCAFC5B765F55BEB692064952528C1B04A953C004123A7A71D71C1E34A6938BB9151BE75629F847E5F1359300A712EE50E4E1480707F03FA8AF7BB4FDD59428776FDA0B6EEA09E48AF0AF09C11BF88F4D5D8ECC65C388C72BC1E4FA60FF2AF75F3D000491CF4344DDA0A254359B91297AAD750ADEDB4B6AFB42CA3682D8F94F6393D39C73505E02F34645EBC1D95142FCC7AF7E6ABC73C10CAECD785839195DC080738FC3A631ED585CD1BE87097CED6F22C88CDE7B6E4645538040DA79EDD54F4E33F5AE2347922B5F10E9F7523ED863BA8D99CF3801873C7E35DA78E25B41E2081A490AC17B03492B20209914B2E0F725B1F4F9C1E475E2E4D3E48ECE4BB53E624537932843CAE3186FA1E473DEBA3994A3A9CF08F2C9F99EF4D339638627E86AB9B863FC473EA2AA1D52CA48C3C77311491CAA36EC027278FD2A39B50B64566F38315032ABCB0CFB5739B5D16964038E314F0FD49C018CF5AA8EC04A20412799BB1CA1E38C11823961E9F99A97CF05CA1C431EE08C2462AAAFD0F5C138C73D8E78A41739BF1F5BDB36970C9772C912091A246081B048DDC838FEE638E993D71839BF6DD36D7E19DCD85A5F417136183BC7F2199CB02D80C03101587240242F6AECE6591A2913F7C5E205E368B2A7664853C6475DBC67F8941AE6EE3C1BA7EA3ABCAF3CB7E2E9E5DAD878B93BC0C8C2E54673CF2703BF4A5CC1613E1EF88ACE2D0059DE5EC50CD048C104CE57287907278F5181D303D6BAEB9D72C20B17BA13C73204DE9E490C5C638000E4E7A57213780CDC181E6F36E15B6A2335EEFE0B7182506063B1C7A8CE715721F08D9C964B1DA5EEC19C7972F2AD919C2E1477F7C9C8E2AF47D497292D90EF156AE97DA1D8C319FB33DCDE46BE64C8B9832492C771014A81EA07279EE39AF06D9FDA2EA6D6AF2C0B6D05ED5DF88F78624B7272718201F50DDC12372F7C0D2EA1752ADF6B13CF1C6A1D3723A8C15CF192D8EFCE09EBF416ADFC01A4C168E96F71759687F7D14F71CAF51F746CC919C8CE067D4134B9D256B8ECDEB6D4E4B4CD6B6FC4368CC4912C970D6C0443819F914003DC2F3FCEBD1CC712CC893CCDBC90412E700607539E0F3FA77AE1A1F8669711B4BFDA25487208310208ED86DDEB91CD5AB7F015BC324C8D2EF31AE3F78A4346E719251B208C646320E48E70305B7CDBB15B97647413EBBA324A96AE6196562FF00279E8CDC1E01C123E6E300FAFB102A5AEB7A55C4B2C6BA5ADBC11C624F36550B180738DE71807700B8C9E723191B68B6F07C0B21865BD9FECEAA3291A150CA7049C2E4118C8E41E4FD6A9CFE06D198C4B6971289177B3BDEA89170A48C61586381CE4F6F4391368F71FBCF7473FE2FD6EC3509E28D65B46856232E6CD89CCBB5C28E517F89B273DBD3B9E12BD09A44F606FADE04950CB235C6C607276E0641EA060820F1D3AD742FE0DD199B11B319958267728FBCC4E4E63193DF39E0719E314C4F07E964ED492E83B2119919325C0E71C6318EDD7E6EBC55271B6E26E5D11145ABC2B12C06F2397F7B9DB1C6D90A093904F1B78190A48EBC01D6ABC9637B7BB64D416ED892CB210E5E1E3B741CF1C820019C8AB971E12D2C3AC62E0AB328F9D88CA9C9C8620118CE00C6493DFA0A92DFC37A6C6159D6796E43F98A5E4C86C96C0CE0727001C939A6F91222D3BD8FFFD9,'JPG'),
 (5,'00.000.000/0000-00','','asdadsadasdad','-','',0,'','','--','-------------------',0x89504E470D0A1A0A0000000D4948445200000080000000800806000000C33E61CB0000000473424954080808087C086488000000097048597300000EC400000EC401952B0E1B0000179C49444154789CED9D799C5C5595C7BFDD55D59DA4D7EC80842D04024A040463C2E783E3388328AB8A038230B24840F0838A0445A2380E081204A2645806701401813880A8800B8AC2101625900D48939D8474D259BA3BBD5575CF1FF777AABA6ED7ABAAEEAE6E08EF9DCF074EBFFBB65B2FF7F7BBE79E7BEEB9650C5ECAA463009B6006C068B859E55500AD7025403DFC4AE5DDD23D25A8C3AE28F6DDE200CD7001C008F82A4037AC06580E17027C1056E8FA54292B515ECA8745B2EB4959E14B0ADE1B03781DFE19603F213C76C41155005456BAAB9E7B2E09B021953A07600FB85FF727A5C3C204F6DD12009BE15280B13535D700307DBA3BBB6E1D00C9E5CB3701BC009F0498098B747F499820628090CB401820ABEF7A532D73522C761F407CF6EC51007CF293D977BDF28AD3975D960458D9D6761EC07E70AFAE78AF334116F237C13700C68F1973350037CB64DA7BEFECBBE6CD0320F9D0439B005E8613008E849774C5A098206280904B7F18200BF96BE1F300BBC7627701C4AEBC3206C0473F9AFF298B173B7DF9E5616182FCC8FFD18FDCD9BDF6CAFF94050B0048DD724B2BC09BF0198003E04FBA2299FBC6FC123140C8A51806C88FFC6F7DCB21FFE8A3FBF76663826F7F3B09B0AEADED22804970B7AED8D599203FF2AFBFDE9D9D34A97F4FFD9573A3A46EBDB5156015FC1BC0FEF0A4AE309BA0A8EF163140C8251F0364B5E0B7E15C80B12347FE182036678E43FEA1870EAE064B96383D670E005BDADBAF00180737E88A2EE95D850972237FF46887FC6BAF7567FB8B7C5FFEF637A7AFBB2E09B026953A17606FB84F5714C5A01103845C7231406E4FD5C891CE53F59DEFB8B3EF7F7F696BB274A9D3575D0540637BFBB70126C05C5DF16E6782FCC8BFDA29F6DCB3B46F7DE619A7E7CE75A3AA54AA5FA3AA8801422E6539FE4E006CD0ECD46E2346381795FA680E3A68686BB46C99D3DFFF3EB04B30417EE47FEF7BEE6CA991EF8B8DAAAE7144BDA1BD7D16C01E99515557AEDB220608B9F466006B0CB500EDF235571E7BEC7E009C73CEB0568CE5CB9D568B7E1732416EE4D7D73BE47FF7BBEEECFBDE37BCB5BAF34E00763EF1C452802A384A679AA5B3E60E220608B9C473FC5D03B009DA01263DFEB82BAD72D3FB7CF6B3C353B3FDF777FAF2CB01187FD34D57036CDABE1D784799203FF2AFBCD29D9D38D1E9E4805CF4FD97DFFDCEE9279E00600D8CD6995AE956E9880122C9486F06B0963D02E04EB5948B55384EB351B4B4387DC619C3503D60F264A7AFB80280F1D75CF34E31416EE4D7D539E47FF39BEEEC84094E0F17F29FD414C03DF700D0A8E28714A9058C94B6E3ACD140C4002197DE0C608D2106D0061301EE54E1B9D2E3D4C7D023A09D76DAD0D6D064FC78A767CF76873FFCE17031417EE4AB3EC38EFCDFFFDEE9FB9CEBDF907F97744BE64AFB37CE09F68801422EF11C65598DC25A521F26B0BE2725A3F2D4534B5DB7DC624C70E9A5EE70EE5CC7043B7600256582FCC8D7FBD3F5192EE4FFE10F4E3FF0009017F94549C40021975C0C0040BB1A57054C80BE4CF0EFD2BBFDF18FEE0FB3094E39A5E495CC29E3C639FDB5AF0130FEC61B4BC504B9915F5BEB907FC925D9EF1F2EE43FF594D30F3E0814467E775FDF7F341B18495FC9C5003DE9FFE5106B6977481B13ECF52705A7766BC9DF673E5382EA152163C73AFD95AF00307EDEBCAB01363737C700C6C175BAB21013E447BE9E3FECC8FFF39F9D562C60B17D7E076C2BE6F11103845C7A338021A35B07790DCA4EE9FF914E3381B5586382934F1E6C1D8B1363828B2E7287B7DCF21F00DB9B9BF700A883AFE94AABBAAD4ECE8FFC0B2FCC7EFE7021FFE9A79D7EF861A0FFD67E0AB6EBCFBC158E1820E4D29B010C1149802DF00A403D4CCFF7804026B0166CA383134E1864558B9431639CBEE002006A6FBDF50280A6E6E63280315A7F4FA6EA71E885FC9A1A87FCF3CF7767871BF916EDFBE8A3C0C0C7F99BF5EF47860172AE218C1820E4D23B222821AD896C0E0138032E07D8170A2CFA7352219D66023B3173A6D3C71F3FA08A0E581A85A13BDCB8656B4BCB6D00636036C046F80AC0C49A9AFF04E0BCF3DCF5E6E11B2EB1E8DEDFFC061838F257C25F007E9119FDBC2AFDB674341B18494602630281FDA40F01381DCE57E1CC621EACBC209C259D668219339CF6F3070CB56CDEECF45D0E53CD2D2DCF03D454577F1880B3CF76E7871BF9CF3DE7F46F7F0B0C1CF92BE01980FBE17615294C9837A56D5490E507891820E4926B5D808D0CE4F2625FE9A900A76B42707200139479DA6C822F48A799E0F0C39D3EEE38A7CB87A92D1A133CF288D3279DE4B479F8864B162E745A3197AA553A88BFD9BB3CC87DD900CF02DC97210D2DAC60A5F416E94E7248C40021977C6B03AD1BD7C03ACD0407428609A6784C10D4A28C092C9230BD3676EA54A73FFD693DE03DDE265F78C169C55318F27F266DC80F42BC396B56F445BE1652A491DF24DD91EF91EFF1AF1D492129263F40514C70A09820A845F936814512A699E0C0039DB63EB96C30290CDF85F2E28B4E2B7EC2907F8F748EF9FC9CF29A907FEF20916F123140C8A53F3982F232C1591E13F8E2B734733B5A24617AEDEC0107386D1EC35D9D09FEFE77A715D16326F92FA483C6F93D9E7E43C8FF5989906F123140C865207902F332C1D9628203C404BE5FC017B3093406209D2773CA14A7CD63B8AB8D0EFEF10FA7FFF21720837C4B906C0BF582FA7A1FF9779718F926BBD8578DA4D432985CC17999E04C3813601AFC53BE87590BB487CA2FC8017681AD123EE618DD30446D36C8D6E8E917A0323991150F61F0FCA574AB77B9DFD79B98B57FD71021DF246280904B29F60BF099601FE9A900A7C267013E0C9FCA75B35F016B91365738C54ED82AE18F7F5C177A6DB7D06861A84713AF6ADA5DF3FA4D628E05D266ED17F2F02D17F2EF1C62E49B440C1072095C19548458CBB396D8E4957703FC52B1683D2A9FA16EBE50CBD31A64CA85DCC96F6A5ABBBDDD69B30912098A126380523381F9F6D5F76F1533FDAF6208DB7499FDDE20B8BE36CCC837891820E432180630096282AC5DC11E80077ABF7046C6E0CF29D6329F541F7A8C903579D32677C2FADC0F7ED0E920645BB959F3A562808D1B9D56865343FEC31DEE33F8C837F1ADFEA542FEEDC38C7C938801422EA56000136B991679B235D7F97BC5042647794CE08F0E460AB1B531A5B8B19D350E3E584FEDC9D6BEF87D7F7FC7F5416219413EF4210046C9E73F5AF56C4BE5DECAC7DEBE0C9E03B8ED1D42BE49C400219752328089B5548B3FF79900C83081A5AE9AE98D0EAA85D84F69DFC17ACBB56B51C586E86ECF9B5EAC476FA0B680FF1CCD5E56EA79C72D72DBFAFDB9CD59010D5DD9CBF4D72A5AF7F64CF8DF6BD2C38A7C938801422E43C100264531C1CF3D9BE084F2F2E3008E1F31028091FB6979C2B4697A6A4F6E5D08F943650B1803C9539918E9D2F27D5C114095ADCEFBFF7847C71280EB613E4032D3E75BDCFEB022DF24628090CB50328049212670993C128957018EABAC3C1660E49429CE3CB0FD097C84178BE062115FC826F0EF0F7ADEEEBB03502E5BE5688D0EB6B6B6AE0148EED8F186AE5C25FD8E20DF24628090CB3B117067EF1C05F0D4A851A703CC8CC7E701541C7490EBFCF7D9C75D65B37E7E1F5E48A7DF56E0B84FED8A649A42E5A695C9D4228456B7B4DC07707253D325002F6718A024BB81F757220608B90C270364E5E259535D7D26C01EF1F86D00B169D35C9F6F79F6078AFC424C50AAB9804236811DDB2861E74EA7353A68696BFB35C0198D8D67003C5A384C704824628090CB703040F63E84B5B56E1FC28A0AB71990ED3F68AB738390EF4700F59721D2B529910D1074DE8ECD03F8B61273BCF596D3F2101A337474772F04F8F1D6AD27025CD6DA6A01C4C36213440C1072194A06C85A0EB8B5B6F63A80FA44C225DBD57899BDB512409EBF40E40731405079D0B165FB5AB182AC7AD4D7E7FF35BE18D2ED7966ED6F1180B7CADD61364001DD954A2D0778AAB3F353009F78FBED357AD3903241C4002197A1608032802F4C9C380A607E67E74F006A62B12F0260F3FA3E82ABAB9D3624D6D46497CBC73E6026E85498C2AA554E7774649FB7FDFD6C9EDFC46210ADEF366BBE592BF9E5EBEF332B198478DF4F6071033A4EA6522B015E686F3F0560E6860D8BF4C42161828801422EA56080AC679C38766C35C0FDDDDDF7008C8CC74F0432883406086282A0F3766C4C6036434545B6B6EBEDD86C098B251412D72A7FE004314EA55DAFF8833463F8C80E8A40F2911E545EA44EA6529B00562593A7014C59BD5AA9574BCB041103845C4AB132A80CE0E6EAEAB100B32A2B7F0D50198BB91CC341482EB63C8821FCF2A05183A7176B7D41C3BA7500D48C1A05C0F4430E01A04AC77D90EC4B21A4FB9E40BFCFB772FFD8D3A964B215606D57D75900FBAE5EFDA8DE684C10AD0C8A64E03298D5C165008FD5D5ED03704C2CB6002091481C0A04233B08E9F178F671A1F242B683EEEB1633BCAADDC8D76ED8E0CAE5A92BD7FD9542FE870F3B0C803A1B8578567AD13680CF0085106FE5410C91740E87B5C9E42C80BD56AEFCB9DE6CD9C0A3D5C191F45F069221A40CE0E93163A602CC804700E289845BC81F845C3B2E9601FCE362470F1A1D2485C0C55AB9B3C1906FE37A89C1A65CF727C404471E792400F5A3B509B779FC7C84FA8C50ACB55FC816F019C1D35BBABAAE0018D7D070837EC280F6498C1820E4D29F2C61318017EBEAA6014C8BC51E074824122EBD76A1BE3E880182AE2BC40C66F5DBEA6021D73AC4975F7A0980268DF7BB5BFDDC1CD962B029D3F3635555004C3BE2080026DA9C81CDF2F99EC4FE8EF77DC407318C5F9EB1090068E9EAFA2F809A8686AFAB26FE9E4879256280904B31994263000DB5B51F03D8ABA2E22180782CE6F615E82FE2FDF22084176202F3D869AEA0538858A4F5FA3BE4F94B15407EA0E87D89BA3A00A6685DC29E96A9C43C85665394AACF2F80F8A0F2D6AEAE0700CE5EB1E25C8007419316F999206280904BBE6CE1718075D5D527034C4C247E0A104F245C675B08D1FE717FAF0B42BECD0508993B354BB7547D7EB3ACFD544B7FF7D10E10BD3FAE39837DC404FB5824933181BDAFD0383FC8CA2F16F9058E777676FE09E0BF5B5A4E03B864E3468B30CAC9041103845C72ED189200585757F70580DD62B1DB0162F1B8836AB17DBA1D9B951E84F462994056391A97EFD4BCFC52EDB9D3AA8C1DA9667FAF8D6CE992953C1F1E0338110E03D83793E730B7989F40B18BBB2BBBF964F90BCAFCC8A002E3F8405D2CE26D3412705D7B67E74B004F37377F0E82238C220608B994E121BFA9BAFAEB00A313891F0085FBF242C82EA48D21824601EAEB2D52A859085BFEFCF300B4AF5F0F14EEF35B95AAEF5A6D72FA376800A8509EC31BE0F3001F8069F99ED3A37A562872689C721A4FD1BE886944594C6001A4061EFB3AE87CD0F3A593C9E41B002F36379F043063E3C6D755C354567D2309A794216B7FD1A851FF0A30ADA2C26D60576AA40721DF7FAE95DB1EC042FE568DEB576A8DDD4EC5F6755B8C5E806CD3DABB1FC01D00CF81D278A737EDD0B0C26D5930575B1D1E0933F23DB7479E4863827AE5343EE0631F733FCB3C95C604DE7A8040A40F541B13049C6FEFEA7A0960644383ED00DB061103845EE2C00880AE58EC0340E179F762752106F04709A66DE74E21BF49E3FA552FBF0C40FB4AA5D211A2825AF07621FC52F809C00A7859A71AA46D7CACE04276007C03EE0498AD3C062778398ED3A2D9BF2EADFCD9AEE36542F881CA649AD86D3777BDED57688C1514C134D0358C055630C5BBBB3FA43F6D67D84E881820F4124756F05F5B5AAA00A60A7955FE3C7B7FFBF862EF37E4EFB187D3B2FA1BD7AE0560BD90DF692B79340B17D47237C01A8059700BC01658A2537A004AF199F6955B96149B45EB02F8A1ACE4EDDACAEF0CF81C40CC7BB5E134291BA545D6F872E9299FF80400236C36D1560E99BF60B0D9CA82620FBDF286ADE9C42C1A56B9BD84230608B9C4F51FAD3D3D0980E7D5320F97155EE7C7DB171B9BE7F7F5BE6D60CFB54C208AC1DBF0BA1BA6362A86AFE335A5D1B318BE801FF286B26E7D5DD6FE1658AA53D6E7FBC8378F9885106CCE557E9BF40EADDF9FA59D502A331B9F0119477BB7106E994257E877EFAB7D0EAA2CFF81315F931284F836802FC5E623F0F432316943A3ED4B9EDEDFA10C220608BDF4C912D6A53EE3EF6AC98709B1F58598A0904FDFB4ADE8D9D7B9DE7BE4E3DF20A46F59E636BFEE58E2BAEE322129A8A75C0CAF007C59C8EFC864DE34E46B4950E0FCB89FE3D89F3D4B01DC27DB6087C6CF97C21701AAA0AA77FDD29B256CDBE65EBA783190490936E9A36E185E6B368F3181E5110892A028E48058C4E55AFFB05AB6492FA4DB9F110344D28B01CA3DDDA396B5482DE81021784CAD8691C546F39AB61537F298758B09360AF94D427CBB18A010F217C2FF015C0C3F5591E5DFB3CC9BD6A75BEAFE4231720631B309CC6C4EF5D6BF91DE269BE02AF812403D8CCEF912CD51B42A87F01A2174CFA38F06A0DEF2231813686EA3A0956FDF59C73DFA5E6FC84FB256B3A385101E3140C8259001D24CA096B7442DF320217A9CF9EA0B8D0A6C7DFFD4A90074CB96582FC4EFF0FAFC72B5E820E4FF1A1E07B80A1E5291CD6EAD9236E45BD86E7FB36EF94CB0DD7B4E12E019D9041789096E868B00C6C384DE0F31E996E7B24D7E8DF5FA9DA9A38E0260ACED996C4CB07AB56A937FBD81217F897650D9245BC2FF7E29B0051159558B1820E49266802DB00DFA328049995AE26B1A57F6C8DA1F6FE35A7FBC6FF3F88A9D4BAAFC2DADD46911E23B746C2DD67F6F2AB3FBD82300D74B93F1EC0D559E7D9F092CD4685DA66AF0BACE9F057301EE808B0126C15EBD1F961E252886B04D3984DF362650F9048B35B42CE936F71180FCE59A1DDD22E4FBDFAFD78FC8192A153140C8258E1AC932580F70BC4EF82D233D78548B6D50CB4CE97837F3E8D96C9EB27C77AAC56E92B5DFA2966FBEFDA0F72485ACBBB5EDEE2D99AD04ADCFB718371BB70F686D5C3FC498C0428FD6F72E6F943E554C70375C0070101CDCBB52E9CA5914AFA2991B356F6F4CB0BBF6224AEFA2AEEF95927FE68D850B01D822DB2C6DB37995B6E39D99FADAA8A6BBF77D918454E208398FA92F3D16FE007028FC0BF4ED9BFD5DBDD62A3227255FFED88F7C0480A4C6BF4D6AA1CDCF3E0B4097ACDB3E368674A73C723FD0BCFC02F8AB4ED938DF90BF4D7AA891EF8B21C83C8B1B7B9777489FAD9D41E669EE603A4CCF594931688746074D6280941861B4AD445234F4EA050B00D8AECCA33EF2FDE777C9267A0C16A8286B74143140C8254EC607BE0DE06221EF26C5CA4D87A3208F4D60376B0D5ED71A01D4FA38213FA5D143D028C3A276BF239FFE93F2F49141BEF561362E1F6EE4FB624C609E4673E6770374A87EB3F43DAF97157E8C9835486C54B45D4CD0B96347E6A1C04ECD31F8C8F79D1D1D1AF7CF875B011ED63E85646C9864EFE7441252E9CD00664DAF02F8AA5AEE1CB5DC13E1D8DE37FA0C60B976CACD93A5C81D1FF9BE0DD1A4F1FB1542FE5FE1799D32E42BCDB68BD96390397186408C09CCD366B38FC9DEFA32B817608BBEE769701240790008538A852CD768C0B7C582FAFC66217C8E6C908519E4AFCF5C0244364024E018C0F7799B955D06F07D8DC3CBD5D24FF476F8F419202606E891CE83FCCD005F52D4EEF24CD4AE8F7C5BE09FBD05E7BB4FAC1B3626F0E30A9200D766228CDA00CE53AC61C28B302A576490316A8F57EE33408B907F95622117C2429DB2EF69A395ACD9D18801422E694F207D6D81AC46F63DEDF069B17167C2299089924DB758CD53DB5C81CF00EBC430A7ABA5360647ED9AB5FA8EECA63508B1EF66E36D7F57B024C07C315AA39877369C033042317B7DBEA76EB672A395ED1ABDCD91B5FF6C06F9E631F599D418DF3DAF9F3F2E92F798F48E09F499C05A6E566CDC8D99716E12E07C380DA05C4680F559DD362AD0CDCB14B53B4BD67E63F151BBBBAAF8DFD3228CB2BEE783D26F89F16E802F03D476775701942B7EC222B4EC7B9A0D75916CA8D7336B1E7D1B2A2F93460C1072C9B57770101364399DE64BEF10622F7BF3CDB3002A5E7DB50220299FFF2245ED9E05B7037464FAA662A3767775F1E30A6C0E232BD6F0199DFF92ACF4F9ADAD5F06A85CB8D0A52411B336B5B418F2E7414EE4F7CB868A1820E4D29F4CA1C616B6B66C92F4FE0033946BE758380460353402DC05CFEA3A43FC40A376DF6B62DF53419368F120930126C08100676A16B152F91A6F87670036C3325DEFDB5066ED176543450C10721948B6706BB9B6CE5C0BE05D860D320C6136C40669F3459B9F61A051BBEF355130255A3881822CD3DF739C77BD31A7796C6DD1DF80F61E8E1820E4F2FFBF75243FD28DC1160000000049454E44AE426082,'PNG'),
 (6,'../-','','sdsdsdsdsd','-','',0,'','','--','-------------------',0x89504E470D0A1A0A0000000D49484452000000800000008008020000004C5CF69C0000000373424954080808DBE14FE0000000097048597300000B1200000B1201D2DD7EFC00001AF349444154789CED9D7B90655775DE7FDFDAA7E7A199D1CC08F1D08CA4E16D3D41028C8D916CF08B02E34730910424B62BB14D621BE324C6E03889B1B1E332B6838929171827A152A9F0300538651E8931464652611B0142480AD2E83D92468F91E6A199E9E97BF6FAF2C73EB767F4B035D37DFB76B7C3575D5DDDB76F9F7BCE5E7BEFB5F65ADF5A0BFE01418FF82DF4C89744FC1DEFFC2626814068185A49F3433C8861FE4FED4B8563E4F14D4C006598E311F3F35B312F1786F10F1152816F8EFFE411F373FCD8C9DEF622B51DA9414D5A2B022BE43626064932299FE7ED1B59DBC957F85640E0F17B02A57CF4F76545B7DC373031082C8C2FE5825770C1AB391BB93A8AF28BDED533AAF84371F55FE48D0FE900060272B9EF7A35AF80A0A4AA28B89A40F9017EECD53A970C6B84CBA3DE2FC2AA80CDB3F58EFD1CC44D6E21D2C7AE91A93EC5EA84A4A4624CB5803CCFDB5FE5E70D5B8B1F676557553B7014C5C7FC535BBC41806306432CD78EB45A05803D685A035CC60BFF949F0E453F58998FF35C6B2C21613B9FAFA77D807F620272247BF9C6E1D1EB7415411AF6FD9BFD6BFF880BD6D2991AC36BF9D8DDB517052705E4284FF7E6EBB9FB46EE47888458963D68B5AE804230EC366C62ADC31587BA76DCF5E34DACB0A108432A6DF87D5DB28993180E6DCBA39057AB00B2A94DE24B7AAB28911464570FE3F8B8A3A9A48EFF94469BBDEE5A7E7973AEB796CD1A59AD026846CB2B39FBE93A4550173A7E1B5873A92E5CC633C16A1540C3AB39BF3A20CBC24730DEE0171DE33A9A3656AB00C282785DBC50AE2C5C7B1A388F336C2DD71A58AD02482C98CBDA1E606113580832A992966B2856AB00204C76A859D2B920117870117576D537ADA013449EC7760392E71DA12708A97DEB591E3704AC62018897704648D829BCB0F96B03A8208620C1D4B15A0520B3559B7A0C195EE0F46D81333B012FF4228BC46A158045386883A84E0BDA42D2AE0A2964BEA9034E10A6D768469176A57A613A00DAC1D8B05CFEB8552B00B8CE0FD6AC402C6CF80701D8AEF3BF4C1FAB5500822BF886F127F5F505531C4C14977C3CDFF5D4B07A05A087397C805E3ED6077762A84A43716AF9C293AB55008950F934D77C7B3C472C500917FB6BBA6717FB3C0EEC4C1FAB550085C4F5E7F8E80DBEEB35FCD1E306009E1007183DC9EBFE2D9F0896C9085DBD02A8CD230D3FEB0FBE96E72D4C83DECA9E8D5AFB29AEF76343F8D3C22AA2A5044A8CD46810005BD9F01E2EBB9867FF5D3AA009C6034F54766D3CAD2A8AD9CCDAEFF5BB5031B52ED312583D025036324F1BC44256777FCB5BB6EAA4EA5E748FD1A2914AB9B98BAA2D8CA40A508B8BC9ABB8E336F6432E234D68F56C414684946D29547119176ED6BA742DCC98FE31FF90C514BAA060BD972F88B0B3A070988478A73E2D0987045A1E2B68D5AC8002355209E41FF8475FCF8B93B0FBA04BF5E178CC16D25E991B497FE3DBFF485F38C8913D3EFC337EE9369E22465771E39DEC6DDB533A964B00AB891937ECE3788F7FBB179D71A3F9C883463EF6CD92ED80FD8C2EE2F77668EB011FF9186F3CC8A18D9C741DBBFF1D1FFF3AF75821A7C70A66FA58352BA0E1223FEB63FAC9248B038A5D3570B41EBD83CBEE91D06DEC79065B7FC33FB299994F73EDEB7891881FE60F1132380D2297CB0C5D252BA03138E59B78FB66AF73484F3C62963ADBC6457E126F95B991776C65CDCFEAC31FF69797890BFA68AC9215E06644E656D65A457EE2E117259DC201E9F804FFF2335C7F40077FC11FF994AF5D21D46856CD0A00C4E7FDE6B33913F5653063FEFEB753856C5152D9A1B45FCE7FFABAEE1DCFFC152183156F860A84A44BFD6DE7715AA12FC7975A5115100505C8B215F0097EF6644E6A2934CB15817914560139B731463EC79B82CEA4867B7E0229088B348DAF2E51AA72ADBA7FE5EFBE937D5FE72EB43C6CDC4761A5AE8063B6C68035654690D481C9731C1B672A6270F44721AC51B82B46E4BFE1FB047845AC8015AA8487790B1029FF7C7D798B7AB5191BC73176E11CBF2993E6BAEB812476B065F967FE182B7405B8317D249397FAC27FADEF5BFC3553214924CBE7FB7C2C56A80002CB610CF14A9EB708EEED51C8B65D85B47036F5C4B14205901A0CCDCBF4825771F644AE296C22DCE1CA42E3F813C70A1500AE2D93E8953A775237D94828A606A519492B012B55005085891FC87324B5F4D245A2317F028F64BC6C41E04761E50A00837AA0578D49684D538330112DFCB27C4919C762850A4042048E1E97C49318ACA2A81810EEF07291411F85152A001BC84B754141A9813FBBE86BAAA5487E326E5811673060C50A4092838BF51CA09885D17E1E0513C2105FF79D2BA554C78A1500F6E9B9F9B27C9108542694C2D51B89781F5F448F28A0B58C581137014473B18996B068B858CF4E2C647A4D42090754B48B3D077CC82C34A763D25821020851A51296ED46DD79A99F63B992435D8E4523A1E0DBF400CB940CF3B8581102105969C1F1E6AB4F1397EA82B0219D5D68624EC32F7AA77DD4D5B7EC58110230400A5929301D4A2C4704123950F81787E15155208F7A56971B2B4200B4FA3F4A1931B3853537FB1DC89159E98E3300F0843088881516835A210288762E3291D40FF0869359939484C2687C765D2C4C1846EEC78EA015F1ECCB761322E68FB7E3723D4889F2229E0B8453C8E8F843E7C62DE73D20879A95960A2484C8A04A5D4B095B0911799653008DEA3C7F1FCA8BFDCC2FFBADF7FB77EA82EE2AD52AD64864E2D7FAFDA9C425DD46BFAD80F2524E6F1FB8426281CB751B91E3598FD2669B4FF9137EAAD30CAE0B9B1405A51263E22E1EBA46BB020B520A42B67195D26B5B76F763D9BCCB82E51240CA9CC9C9AFE0ECD7FBDBCFD6B6E28A3A5B0B2E1D660FA66590DBD97CC0B31FE42BAFE7058DD16E9054F07772A65CACBA42ACA0E511C046D6FC985EFC6BFEC11410E13425E9431477B920A6A6B10854ED22C9CE6BB9D3BC00B239F764AA28B08D8DBBBCEFFF6B6AE257F52B9B7DB2980B0FF434C9E1226A52AB5880D96395E2AC46644F206EF07D228AD394204D84B38AA77BEB2EF6B5028A937FB613C4D404D0414F709BDFBEC1EB3130D7CE5FEDCFCD0A6D5AF9F8467FC83AC2AAEA03179CC82DF2EB0A5CC9CE7D7A78339BAA538AE22133E9253CF70A6E5B210ED169584122820AFC63BF70A3372C2CA3F15188967C44F68C3A072EBD335AD2C050FE04E05ADF67BB20D91E48ED9CCF5356861B02A6B402E44BFCA2F7F0A31933D4BE793817897471D49AADCC8C213BABC7CD91542842C65FE3EEEF604751E4B0DB5414AFE43C8F398BCB8EA99C03EC77F00346AA7393BA642A23B343B2D24ECFB4ED251C054C6D11C7EBD825640F44754943B6DECAD0C04C47009B39692BEB52B4053711965571A22E715021EED47D8D351DADA62B8819E07ADD0554D13964573B450E47F07FA8AE88166C1A76D938435B6EE2578DC2407A4253AF0F440D4A159FE2DA17F1DB57B01339C9A41A5EA23310D77A7745104DD7076AABC4AC147AFA92CC82203594A3CA5FF204689D8FC58C35B2A00FEAAFF0A7B8FB0C37CAAAA865C55CEC673647D28C802A491E9CD0A91CEA5EAE002C8900DC92196DC165BC78293EA2471D59C535DEBD8B7DD0BF97CBC11D465DC2257CEB9085E794C31E99211850DAE458194A600904E056BD7C9861B134F9B7C56914F817F9F87CD398A4EB83E67DDBC129DB3899361BB08880168AA96822119E896089568003193673525D9A006C15A0F7F98AAF72A75BFB0511D42E2386A2EAF97C4E6F217E11563BE95994FD3EB814B7B4302C8500029332700EA797A5996BB252F9BB7C0E215904E642FD162D378F4CC51BB9C816724F8F4B3B3C27FA13BEB472FA582DC54D6433B303A13E972613A88370F9867EF5F37EF3B93AADD57EB8D37B3FC8978016447B09CF146095211E904131A38718D5F982AFF3A1E2A5B8CBE37B90494343F835F11DDE23D63C5E258DC56224B544A5B3B5EDF3F9F3898B4A8F3FA3EBBB2C49064EF8032EA16D412D24E69AA1ABF2C68B78F615EC1CBC71AD4CC1329DCD9640F06A8A4FB60AB99BDF9EFC47400B1B1CDB77A117C5546AA1885AA55658B4464B13EE2DBA0CD34B33F6E8F7B8FC4ADD74856F369DE8BD4C69C3931740CBAC6BBC33110FE8B796A80E434BC5B6DD514CEB0F83E4B4446BD7534D1F9A492B8633600BC385A8495CC73D2FE75DC3B5FEC1D48C3358D97A075AF9796E99F8470010268AE986A87D8E2463EC5426BD6C13A93580433938B95B43C388E1C1FD6A9DC5D0DB7079B044BA27A44634898B78FAC779E3527C4433EAE787755CF4A4837EFE06C4985521CBEAC942F775EE7E27FFE7D3DC20D92ED00B505996C3C10404D02AF31CBDD8316BB94DB78DACBD855F17B527A0769AB1DDB7532B68BA4F3EBFD9ECE3F00BF8BDFD1CD07C1DA21663F0D0090B4F432B4C6205E8682B84E17BABAB2770BC85EF7E35E79FA5A73184BA4254A320122A9E9956CABA88A4D7607A26C4439AFD0B5F770D776DD4FA5DBEFFC37C0515DB28715B4953B8AB895CA571CA8552412648DCE8DFD8426766A06FD3DCD88337A6C8BD018AC8290920700E07822606D34364339F94C0177DEB0FF3DE63A7D4526332E700B7686E86E11BBCFD93E5862BEB4D5B9849D24A86E202114D4D82A8D6D038C42A4C650BAA26C816F1B76A0B13E0BE23525908ECEFE0191A12A48608DB526302DA5F434FC1C1349F257FC2DFF65A5DD07822C2410746990CE6613B16990E726A6EC9A083465E1CEAA758B5654049256D111FE2EA4F7143C15E605B9A13C604CDAF0E92E27B39F00B7CD7B873B8526D889D520CE7CDEEE7F8D08FF33FAE63D777F32D6B5993B27028125B259A294B69AF335C6AF172CAA1E5F080799DD53E0EE173B47DABD67E969DCD813A854D68520208A9CAE0F8EFBC6107A7BA551B200B5115628DC81482F771F91F72B9C58D3CF001FDCD696C388F6D34175228865C46818AA88A10B84EC75B53E4E7B3ED8BDC7E077BA713329B88155434DEC4CFD5E99FF5CFB5C616225A4D8C82808A0F30FB1CFFFB96AA3BD67283A9770917BE87D7158D5B44922943CA334D6D4E679F6AC64210CFE23FECE5C814CCD089AC80814FF5833CEF8FB96C136BAD92724740C6C0314FE157EA0FEFD57E0D6E9CE6306D0689AF67F71DEC3D93539ECA7A11A066A8A49C9AD26E30F60BD8F8EAB87DA7EF5BFA4F9C842BA269B593B5E6BFF28653B5A95754DCA1646084F4A2176F8A8F5EEB5D0C56600B9825C61A68D21FE1EA97F1EE1FD2FB4D3657524A61778DF6BCF488C17F05F239B97D3AB50C26F3197FA9379FEFD39B7D3DFE1E6654243BAAF234BF2DD54A00E5D821C3397AEAF5BEA75DE111FB92C09CCED65773DE2FF23D5B585F15C753256B91C8A11A6FB1F34ABEF123FA2F5358750B380744CB629C4F3B319CE76DCD37C9C08B4A209A5386FCA8AF36665C6B72DE4D74B97F611FB35FE0D6DFE5D3D7713FCE9645845370170FBD8F2FBC972BCFD7D3CEF1F657C5395B72FD77F08C1A940C2095C5589EA73B2C12614CE06ACA55DAB5E8EB1D1716B4029ADD3F3E2B7E85B79ECEA9C6B4523CD884E474ED28A7F04B6D52373AA287F8470B0E76D06FF6FA9B797B93A824ECABD89912C455DCFC3BFE73131A4EAD14A84380255B2AC1696CFD0A6FE3F1CA479F383AA9A6B3C077EADDD7F9DE2928E105EA007B703F9CCBF6D37952C890964467B5887C1666BECA3DB4220DC6D1B46EC9962C247062F66BF605FCC72BB82535B4B37B09CFBDC8CFBAC8CFFA457FCF799C06E9C187430DA432EC72E2237AE335FAE58A27924A0F7D3A42F157DC7A9DEF2D53314317228036976550791D17389C764047988A5B8E6F19D1BF591F1E7BBE20A3B18500B2BDBF2D0ADFC181D7E8BD63CA6204B52A04A1EE03FAE79B58CF98E212C6F616ADF9492EFA326F7D19CFAAA64393A9012707D5D63BF99CC8E9D4955B942FC8F6BFE062E7505D4FA617829607F12EFFE5B5BEBBC9B8F99DDDC8CBCDD36BF5541476429EEE53924297EE2BB8A8D1996776B0E5167EFD4DFA9F1FF65736E5FAFFA59F3C976D7217B29D895B4240398E6AD2C7F13C427AB2DF8210534ADF387101684CBB69218E50C9A14C6D523A5714C272F767FA1A341F8464B2B5BE16C5A472502106780F97BD362E8CACEE5B702AB0931473D57494F7E4EB5FC9F9AFE25CD91952D6B4A4905B683EAA72F1B9C422DEC967056E9180A9B8434F5C00E3D08B1D26EFCE0367B219004544CD1A76CA07387C9D768FF7185B148795692A9CEFED97E88237FA6251C61BD4F0B026DB2F6346C96053BD8A7369D1FED6C987B6743CF04D7CB4FCCCB8F0C15189689C8D345F21657C0847F211F71F2C57BFBF5E7123F70E3E90E142D308C89CB8EED2D16FC2DFAFB377B085C64BF34811723CA8D1F571F767F386436A0901016AEE0411AFE7851FE4275ECCD30B6154176809683EBA9583E76C7ECFCED6A6163C76E7791CADF0F8DFA2C7B7C403B7FAA1DBCABE4DDAF0BD3A0BC51D7EE808A3A3C6DAD26331C683C0DFCE8EE7B15D9416D7AB7048FD35B16B644EF5A6ABE296D2F21387F91D5FD6DB2EE54531984182ECB4B07C19896C492EDD50877B18EE716C2E84840209F5647B65967E2FB3D796DD3797FBF771A48F3A6AE709FB9CF2949795B3FE2CAF19CB6F1A5884A6179867F2E44FF3A627B1B619F2C67FDEDDE8166F525E516F7C5F5E01497059BEF03D5CD2A3828D02556571E4235CC4C78B16C6722BD26D206B3093CC8BBAA73E4CFFB0460FC4C1FD3A3CCBC84A7C74B129EC8A281929234762A2CADD0DDEF59BF5530B1F9913C162CDE7BDCC6EEF4EBE307754FABD9ABD62E62EABB6445F9933CBA91FCFAB1167B3FD8F79C31A4A8C651EED2CD13A939CF8E7CEEFD456E3FC64A1DBAFD97BE3D04DF1C04DB1E7FAEE81BBCBFEFBE2E1873D3BD228C7B97BED2B23DB39BE4606B6A905B52C4AD5276BE3BD3C7CA71F5CE4E01CE7834CE012EF5FF3E3D0E2BC811C284C2F07C2E5A00EBFFEC87962A6463B8679DC46393C54A46F13F3117BAE512BF3ECB1EB6E28E831BCB333797BECD95D0EEDD6FEC53F0520A5DDF24A08EB9FCDFDB7D5111336BC7DF4C9B774AF38C91D8A92399285BBDA8DA28A23E7F7A755CD74C6760E6ECE61DF6861FC728CA3CDE3516E5BBC290CB94D8EE1151DD0E8B672F7031CDEAB23216A5B468B36DB5BA104655A54A6D4DB703241F9BBD8F3B6D187DEBDF69F56E64641C9A84555BDA4CDDEF02DF529AD2A87DDB7195C8C8F91C4517BF118DE4EFB5E184ECF2D96BEBB1CBC8B7DB7767BE79D4BB5F120EDC517752A60D7C6E9DACBA1C55EEEF830B1E376200BECFFBCEE0DAA913352561CAF3BF2BCA4060257A97324892CE3C1B7C67830070D99229C3BE3817BCAE1CDD9DDB3E6F04379C80265D0667A462BC29D21330A17C5642AE1364F79FADDA33FDF59A7119099C00A2850458E09271FAB5FFEA1990B940236B834BDD6FCA3E1CC46837031981A8A34BBF5702B36338A7A987EAF8EDCAF037B6396F02E47525504E0E89D8D846187E148388CA43972F1A12549ADFDDBE579FDCE7ADF4A3D093F06B50552544C95F9EBFEE6CDACBD78E6ACCE333F327756478E4261D9C958DF7E7ECDADB7747BC278F0AFD5F9C6EE6124A7C2B664342E6606288B5A78B91695141A5A8549E97ED11228941AFD2F3DFC917623D361AB4F821D3DF81B6AFBF1A7D7BEFCA965CB67465FDB9AEB52AAA074EB419B8A833AFCC975FFF7E66E8FDBBAB17B5C151EF343AAE8DB7F407AF861FEABC73D6EE7D8B4AB868B5471ECDBCC238A73A76D3BC77A75B8767BBDE5ECA5ACACD4564F512D58ED99090CCE1361F21932BF3FFBBFDBF439A53BF9F9E569E13C8C9F51378BBC3FF67F62FD37269229FF84683AB948BDAB343FCF6A912A3978CC712F75ADF32D1273F7EB0883A711339AC27D2E89CFBBA5C70CB443AAD0DB37BC26EC1A19550E4FA17FD910331BD3AFDAAF562D596A0C91DF0F1EFEE2F5797750208FF65215A89053226C2F45B59468957B4C73EC96EF5F778EE5515BE7A5298325271E573456ABB61D924CAFB0B292FBEBA13F9EBDFC907B081F35F98361EED7F9B0EB526369A23EA14693AEE2674EFA9EADDA6085E869F1F69846A82915514DB89767888AACEC6A8CE4187B606FEB1FB8BBDEF757A39D631B2AC7BEDE62A654546EF22B408302740D91DA584EEA45E468142548A9F41A95A5B72F4C8DA21EEF1D1DDC32B3415254F51A858AE9F00882E01B47EE5386C9E67D6E4584AC2A339DB4BDC90B60983703E9DCA91C47BFFA0A30C778775E0C42AA54A9D80E796F3F7B77BFEFCBA39BF7E6A19F39F9FB0099917CFDDCAEED33A78E542122206CD75DA3BD1F3D74753E52C7E610E81B9EA14575167B97C781A5580161B22D0013BDFB89547E7E142CC233F78CEEBBB33E74F5ECCD73430431BE6BDD73456F2BC12A37F7F79EB5769B5D13F541496A6843598B4630359FFFDF87A558015988DA2A6E3B47652125109F1081FA187DEEF08D0FF8809A63C33CB9DB78EEFA1D474865049EF5ECCED19EC41943FBC95E125A5FD6E6FC46BFDC58924CF9EA0C4A669518A96A098C094915BF66EB857B47073E72E04B41317ECDC66FAD8C44F49AEB14971FBC4EF473A5666A866A516360BE3124C92C3F96420002A76B3301F7E5C39BE2A4C97F881B1925B6745B3049851815778E3E08475FEBEDFD431673AE6B1C7331DC5A7A88DEAF90A27D4B70207AE4635D37BB6B869927ADD9D4E314568EC249BA506D8BDA382D27F8D5E32C15EA5C70E149673C3CF28E75A73E7566F3886C8CBB6BE7EEB863EE41F005273DA3866B549323652AD3FAEAECAD937FF005611A652BFFFAF0CEB3D63FADEFA4BECEC44CCB15ABBD29A1340C198A270651921E2B45C44B4FDEB1A73FD80F6C962AE9087D8BA4A59DCA70239536E5BC12A6FE80690840E4CE23F73C43A721CD72A4D30CE14A55F611A295923CD16B9A916A4497B5A614B075664385207B5BB067EE80C9B55A5323EBB8A887B24F45D71AA3AC80BAC54C4700862B0FDE74E5A19BB6CD9CF2D293CF49CDF5AD3D58D03756739CB03EF4D05C6FA44EB20BEA03794E8622DB778F1E443C7BDD6947A2CA55CC88CCB094477C785A294F4F8C69D58E0E29BD7BF4E06D47EE3D7DFDD6C24C664AAAAE1ACA1C9EE0F568CD1AE4EC33541BEF6ABE5D46F3C199F531D37879E15A5B6C3FF3403FA570E3F1602A02688C2195B4FFF6E19BBE7480F5DDBAA7ACD97CDE8633228ADDF2294F1099434974B5E4031B4B4465AEB0B6D1BEA2DBB67E6BAF9A38C6FB5C11B78FF6322ED334E9473D614C45006D4AB64C4A6338D4CFDED6CFDE7EE8FE53D76DD9B666F399EB9E5C4560DB592CB784622C97540D8423859C28A8B80C9BF8C00DB245868D8AAD6414099CBEEE948C81EC5087A25858DEDF1F40E4CAD4013A6E7EC7501F62418FA1C120C9FB671FBC7F76EFE17AE48C8D4F99A143726DC971ADC44C56858D511F3D446B86A1E81FBB6B2544137251EF74C4E66E5D8F3D5045216A12610ED7111EBB4C961B8F363F8E1DD6638571FC8239D1CF6E01138B4EE5DC93779CBA764B515455395B47B7709A90942D77B80BD5C7B19B6C37477764401EE0F026D64BE5D8368832567C76F757C6690A937DA085E0FF01045DE4FFD34930C10000000049454E44AE426082,'PNG'),
 (7,'12.270.740/0001-27','CYCOSA CYRO ACCIOLY COMÉRCIO LTDA','Cycosa Veículos','57057-450','Avenida Fernandes Lima',2491,'Pinheiro','Maceió','AL','Alagoas',0xFFD8FFE000104A46494600010101006000600000FFDB004300080606070605080707070909080A0C140D0C0B0B0C1912130F141D1A1F1E1D1A1C1C20242E2720222C231C1C2837292C30313434341F27393D38323C2E333432FFDB0043010909090C0B0C180D0D1832211C213232323232323232323232323232323232323232323232323232323232323232323232323232323232323232323232323232FFC00011080080008003012200021101031101FFC4001F0000010501010101010100000000000000000102030405060708090A0BFFC400B5100002010303020403050504040000017D01020300041105122131410613516107227114328191A1082342B1C11552D1F02433627282090A161718191A25262728292A3435363738393A434445464748494A535455565758595A636465666768696A737475767778797A838485868788898A92939495969798999AA2A3A4A5A6A7A8A9AAB2B3B4B5B6B7B8B9BAC2C3C4C5C6C7C8C9CAD2D3D4D5D6D7D8D9DAE1E2E3E4E5E6E7E8E9EAF1F2F3F4F5F6F7F8F9FAFFC4001F0100030101010101010101010000000000000102030405060708090A0BFFC400B51100020102040403040705040400010277000102031104052131061241510761711322328108144291A1B1C109233352F0156272D10A162434E125F11718191A262728292A35363738393A434445464748494A535455565758595A636465666768696A737475767778797A82838485868788898A92939495969798999AA2A3A4A5A6A7A8A9AAB2B3B4B5B6B7B8B9BAC2C3C4C5C6C7C8C9CAD2D3D4D5D6D7D8D9DAE2E3E4E5E6E7E8E9EAF2F3F4F5F6F7F8F9FAFFDA000C03010002110311003F00E913AD48A39A628CF4A995091ED5ED1E1A438363A0A5DD9F7A509C7268E14503B30029C081D0D46724D557D52CA19C40D2EF93CC111098203FF773D37E0E7667791C85349D96E0A2DBD0D04C9E69C060F3442C1E3570080C03608208FC0F23F1A57EBC0A6876B21AE38E2A21113C9A97058D2C92436D0996E258E28C632F2305519381927DCD17B215AEC8C478347959EB4E4BA827D28EA70334F62377FA4428644C2E7272A0F03079E95CF68BE2FB7D7B58BEB3B6B665B7B65C8B87700C8738E13AE0F273F9E09AC2AE2A8528B9D49A496E6F0C2D49C946316DB36986D351B027B5594F2E65DF1C8922E4AEE43919070471E8411F8529403B57426A4935B18B834ECCA2F16467BD577801CD6832D31A3CF514C4E098F502A51491C0E4F4356A3B56F4A8BA3750655E49E335C37C54D6A5D1BC396D0DA5E496F7977371E5E4131A83BBE6EDC94EF9FA8CD7A31B620F02AD6B9E1BD0B56D3636BFD321BD78942A7991EE233804E7B70064FB0EF815C38FA928414A32E549DE5E893D3CB5B7DD63A70D49393E657EDEA7CD3E03BAD4EE350934AB1B59AF4CC37AC2F74E96D0904132CA8BC30180307820E304918F79D2745834AB48A35588CA8186F48963550CDB9951470899E768F4C9C9C934BC25E13B1D06E35196DEC7C89E7941620E54263855F419C923DC76031D418C8E3151973A35E9AC5435E6DBCBFCBE46B8B55212745E8976EBFE650B9B3FB5C223335C43B5838682528411D09ECC39E8C0A9EE0D72175E339BC31A945A5F896C6666901FB3DFDA4794B9C1007C99CAB60FCCB93838C70C2BD03CB38E958BE29F0C9F1168AD6F198A3BC85D66B59645242383DF1D88CA9EB8CE704815DD3BDAF1DCE48C16D23134BF883E1FD4F5C4D25249619A4388649542C7237185073F789CE07438E0E4815D879640C62BE4CD51AFD6EA6B5BF0C26B699E3901C12AF9C104F7FBBEA7A57D2DF0F3C41278AFC2705E5C2B0BB84F91724E3E77007CE31EA083D07391D05654B11CD2E56693A0A2AE69DC696B7CB2286B886474DAD35B4CD14800CE3E6520E01624039193D2B95F0E782749F0CE912EA975A89BAD4255314CE92111C655B94C8C127728073DC6300641F56D3AC10DA3C8CA3739C027D07FF5EBC3FE26EB93D8788356D08EF8EDF6234436E15A37405B93D72FBBA7D323B79936EB63A54DC5725BE6DA7D7BAB6C7445FB2A2A7777FCBD0D6F87D790CE9AC69D146638ED2ECB46AA7F7691BE70AA3B0CAB1FF8157626315E59F04CB30D7C1FE136F81FF7F2BD60A3632057B5095E3A1C6E167621F27F5A63C200CE2A47675E2A0779083814EE1646AA840718156228D48E954C3AF999CF15692550739AC8D91652DD49C9ACEF0BDF25CD85ECB26C966B4B96B4C601195C3961C6790CBDC8F941ABA6F1628D9D880AAA4924E30075AE63E1F3BCDE0917AD33B9BBBA95CEFCEE5DADE501CFA08C761DF8E6B831D1E78AA6FAB37A2ECDB3A183E7B82CF8F9BAE6AD8B5466CD67C2C3CC0AC73CE091597A078CAD354BAB8D3279628757B495A19ADB770ECB905A3CF2CBF29F71DFA826F094161E1ECE24D59F3BBB3A936C8A334DF2942F02A16BA67E2AAEA13B476AC193CC18DCE9D8A8E483F5F4FCF8AE9774AECCD2BBB23C8FE3468F68C23D5ECDCB3CC425D8504F2A00424F6C8007B80BEBCDDF8137005BEAB6E41F98C6E3DB191FD4579DF8BB5F7BFD4A748CB0F309595D405F346EDC091819E80723B67BD749F09754165AEC0AD398E2B97F2DD55410D904203D48F9B6F231DB27AD631825AADDBBB09CEED5F6D91F4C23AC36519C606D07F3AF9ABE324E6F3E244271853A6AAFD0799275AF75FED9FB6695B9BFD60EFD88EC6BC17E2A47247E2DB2BC603CB92C8C4AD90795724FFE843F3AE585397B78CDEDA9AD592F64D226F82971345E2AD5B4BF90C32DA89DB2390C8E00C1F4FDE37E95EE3E48D84F15E03F0AB51687E255A451A0717F6B2C1213C6D0079991EBCC607E35F41CCAC9F435E8A76D118C7549B33A4854B6714D288AB8AD0920013777AA72DBC8E32315571D8A31EE6ABB02F76FCA9D1C67002AF6ED414914E08229F30B94E4BE26EAE746F04DCBC6EE935D3ADB46CBD89C920FB15561F88A6FC3BB9DBE00B08C6E09BE72A3D3F7D2561FC50B2BAD76F6CF46B377696DE16BB36ECDB63918E769EBC9558A6EA0632304EE38E93C2B02E9FE16B0B211A030C2AAC14003763E63F89C9FA9358CBDE97A14B4674968433E013D7BD79B788BC21E1A1AF6AD3DE5CCF0F9B29959DA42A2376DAD95014EE24B7BFE86BB0BBD76D341D3EE753BC2E21817736D196249C003DC92073C73CD7846ADE2BD43C4B7CD7374CF2DCC926D4862076A2FF084507279E3FF00AE6B392BB093B2DAE7A02F8FFF00B1EC5ACECAFE7BDC38115C6A0EA642A73D48C018EB9627AFA629B1F891A7F8793CB73F6C79AF64669A763CEC0D81B7FD92770C75CA9AC86F871E32D574BD3C278764811417795AE2256F98E788CB020E3B1E7AF4AC2D7255B28160B68A78E182358E01237CC8C7924F7C9C1EDC74FA55EFA1176B5672BA8C9E75C3CACD966627B81FAF3CFBFE35B9A26A87439ACEE62543341224AA920246E04119E41C67A8CD7353CCD2C83700BB0600E3B7D2ACC92318A077955CE0819EA87D3FCE7A8E9570925762A94DC9247D1FE18D5A3D5B468EE22270D90437507D0D71FF0016B4A96E347B5D4E37E6CE42AEB9E0A485467EBB828C7B9AE23C21E339BC3DA89057CDB490812C40F38FEF2FB8FD7A7A11E83E3ED460D47E1E5D5CDACA92C33796C8C3FEBA2F6EB9F63CD572AE5D3A14A4DEFB9E47E13D5FFB0BC57A5EA6F3490A5B5D234AF1F24444E1C63A9CA9231F5AFABEE272FD01AF8CD490849E99E3EB5F5FE8F7571AB787B4ED49E0547BBB58A7654E80B286C0F6E6B3A6D1A49132DC33B6CE71EF5379920E021C52C16D22BEE75C0F7AD78511A3C1C1AA9CD21244F15BC400000A24B3471C8A17E539CD59DE0AF5AE36E49E868923CD844F71AAF8BF5A954BDBE9F1C96F644AA1DA5615F331DC10C1B93D43FA7155D17EC33CF68F8CC6E50FE06B634CB7B65F00F886EA2BB5961D466D42EA376E0057670A07AF41F9E2B0351F3905BCD387F3A4B789E5DC413B8A02724000FE55B424D4B5224B43CC7E2CEAEED7165A52B108AA6E5C63824E554E7AF187FCEBBDF83DF0EADACF4F1AD6AF685B55930F124C3FE3D90E7181D98E3249E4671C7CD9C8D5FC1F6BAEF886C358B99F315BA847B768C1590292C324F6C9E410722BD77C3B233A4EE0103E519C71DFFCFE35336DC8A8A563627963B1B396795B10C285DCFA281935F1C6A930B8BFB87B832AB3B866CE0123FDDFC739CF6EFD6BEBAF11B03E14D5CB7FCF94DDB3FC06BE41D62ECB4F2A9313162436D3BB240EA09CE39F43C8029D3EA675356918982EBB87504015D2E81A53EA76D7AE216B8586D9B1121F98C87950A07BA1FD38ED5CDA865CA85E4707FC2BDCBE09E9C0CF6D72F023EE91E52FD5B6AAED52DF47C91F5AAB7BAC72DD23C724B6905BA5E2999E02EB18988006F08AC57A9E99E09C640CF1C8169F59B97D08692C5BECFF0068F347270BC1CAFD3383F5CFAD7B6788BE1858F87F4ABBB5B7B8B89348BDB92F1DB9001B5254701F966FBA31BBA0519C9C93E11A859C9A75F4D653B0324671B87391D41FCB07F1A213B89C7529955DAA18EDC038247F9FF26BEB3F83DA90D67E17E96649C4D7169BED250060C7B18EC53C768CC7FF00EBAF93E285A6560031724040392C738FC3FF00AC6BDFFF00670D4667D1B5ED2D963F26DEE229D5803B8B48A5581F6FDD2E3EA6A2A2D2E8D22D5EC7B0CD0337CAB4436ACBD4D5DC73934D2769ACF9DDAC572A28C68C47CC692EAE63B2B59AE6E2411C10A349239E8AA0649FC85538F55B2638FB420FAB567F8A668F50F08EB7616CE8F7173613C312970373B46C00C9E072455F526C51B0D3920F873A1E9614433C96F6B1C71B029BA5015CE7D0E5589FC6A2F1A24113C02019D8A236DAA0018E9FE1F9568EA3AAD9DCCB61293E6F937624D8AC39211C02724700907F0EF5C1EBFAB37DA2476E54F51CE3F0FCAAA11EAC52764305EF931E0EDEB8E7FCFF009CD7A4F84159B40495882B2BB32F3938FBBCFE20D78F69DB354D5ADE0918C513BAAB3A9C6D527071F81AF6E8350D36D628AD20951628D0222EECE140C0193ED532BB62819FE37BC1A7781F57B864DEA603115033C39087FF0042AF90F529167779F0ABB9B00707000E071F4AFAA7E20EA36EFE05D6024E01089C8E71995067A1F5F4AF9635470A422EEC6060326D38233D3278C9CF1EA7A66AE1A264CBE3467C684C98E031E801AFA77E0B69496DE1F4BACB1CC2A01CE465CEF23EA32BF9D7CCF65034F32A46199D9B6855192C49C0007BF15F57F819AD344F0C476464015242172792000B9FFC74D525FBB6C6DFBE91BBE31B4FB6F866E76A967800994038E9D7FF001D26BE6CF1C69467B78F538D09319D9203D429E87AF63E83F8BDABE9FF00ED1B17730B4B1B02BF32939047BD78DF8A74B8F46D5A4B7189B4EB9C8425720A1EA9D7B6707D7AD651D342A7DCF0EB18259A3B9915942431EF619C71B9573F9B0FCABD8FF672D4561D6B5CD336333DCDBC773E6765F2D8A91F53E68FC8D79CE816BFD9BE22BCD3EEC48164824B772B81F2B746EFEDF8D6D7C1CD69745F89568AD3470DB5E2496B2193B8237281E84BAA01F5C55CA3FBB428CAF3691F5897E2A276CF7AA8F7D02E3328FCEA13A9DA6EC79CBF9D64A05B6795A11EDF5A99581E38AA49C75CF02A40E474FCAA468B82548E488B0040DC40CE0FDD383EF8241E6B85D52E9AE2E8BEECAE4ED5E3A8FF00F5574DA8FCB6F35DC8A8B0C1131F38B7DD62476EC36EEE4FA7E7E7DA6C77BA969DAAEB7E706B5B37C08C27CCC011B8FA800306FCFD2B68BF77531A8A52764763E1684BCFE6B81C2EEE571FE4F3FA5761BF15CD786593FB296E10822620A90720AF6FEB5B29751480E1C6E5E3078E6A27BD8BA5A44A7E30BB4B6F04EAFB8659E28D571EA268DBF929AF13F10DAB5BEA53AEC3118B6AED1DC850A48F63807E8457B178B2584E8E96931531DDCF142EA4EDCAEE0CD83EB806BCAFC5B765F55BEB692064952528C1B04A953C004123A7A71D71C1E34A6938BB9151BE75629F847E5F1359300A712EE50E4E1480707F03FA8AF7BB4FDD59428776FDA0B6EEA09E48AF0AF09C11BF88F4D5D8ECC65C388C72BC1E4FA60FF2AF75F3D000491CF4344DDA0A254359B91297AAD750ADEDB4B6AFB42CA3682D8F94F6393D39C73505E02F34645EBC1D95142FCC7AF7E6ABC73C10CAECD785839195DC080738FC3A631ED585CD1BE87097CED6F22C88CDE7B6E4645538040DA79EDD54F4E33F5AE2347922B5F10E9F7523ED863BA8D99CF3801873C7E35DA78E25B41E2081A490AC17B03492B20209914B2E0F725B1F4F9C1E475E2E4D3E48ECE4BB53E624537932843CAE3186FA1E473DEBA3994A3A9CF08F2C9F99EF4D339638627E86AB9B863FC473EA2AA1D52CA48C3C77311491CAA36EC027278FD2A39B50B64566F38315032ABCB0CFB5739B5D16964038E314F0FD49C018CF5AA8EC04A20412799BB1CA1E38C11823961E9F99A97CF05CA1C431EE08C2462AAAFD0F5C138C73D8E78A41739BF1F5BDB36970C9772C912091A246081B048DDC838FEE638E993D71839BF6DD36D7E19DCD85A5F417136183BC7F2199CB02D80C03101587240242F6AECE6591A2913F7C5E205E368B2A7664853C6475DBC67F8941AE6EE3C1BA7EA3ABCAF3CB7E2E9E5DAD878B93BC0C8C2E54673CF2703BF4A5CC1613E1EF88ACE2D0059DE5EC50CD048C104CE57287907278F5181D303D6BAEB9D72C20B17BA13C73204DE9E490C5C638000E4E7A57213780CDC181E6F36E15B6A2335EEFE0B7182506063B1C7A8CE715721F08D9C964B1DA5EEC19C7972F2AD919C2E1477F7C9C8E2AF47D497292D90EF156AE97DA1D8C319FB33DCDE46BE64C8B9832492C771014A81EA07279EE39AF06D9FDA2EA6D6AF2C0B6D05ED5DF88F78624B7272718201F50DDC12372F7C0D2EA1752ADF6B13CF1C6A1D3723A8C15CF192D8EFCE09EBF416ADFC01A4C168E96F71759687F7D14F71CAF51F746CC919C8CE067D4134B9D256B8ECDEB6D4E4B4CD6B6FC4368CC4912C970D6C0443819F914003DC2F3FCEBD1CC712CC893CCDBC90412E700607539E0F3FA77AE1A1F8669711B4BFDA25487208310208ED86DDEB91CD5AB7F015BC324C8D2EF31AE3F78A4346E719251B208C646320E48E70305B7CDBB15B97647413EBBA324A96AE6196562FF00279E8CDC1E01C123E6E300FAFB102A5AEB7A55C4B2C6BA5ADBC11C624F36550B180738DE71807700B8C9E723191B68B6F07C0B21865BD9FECEAA3291A150CA7049C2E4118C8E41E4FD6A9CFE06D198C4B6971289177B3BDEA89170A48C61586381CE4F6F4391368F71FBCF7473FE2FD6EC3509E28D65B46856232E6CD89CCBB5C28E517F89B273DBD3B9E12BD09A44F606FADE04950CB235C6C607276E0641EA060820F1D3AD742FE0DD199B11B319958267728FBCC4E4E63193DF39E0719E314C4F07E964ED492E83B2119919325C0E71C6318EDD7E6EBC55271B6E26E5D11145ABC2B12C06F2397F7B9DB1C6D90A093904F1B78190A48EBC01D6ABC9637B7BB64D416ED892CB210E5E1E3B741CF1C820019C8AB971E12D2C3AC62E0AB328F9D88CA9C9C8620118CE00C6493DFA0A92DFC37A6C6159D6796E43F98A5E4C86C96C0CE0727001C939A6F91222D3BD8FFFD9,'JPG');
/*!40000 ALTER TABLE `loja` ENABLE KEYS */;


--
-- Definition of table `movimentacao`
--

DROP TABLE IF EXISTS `movimentacao`;
CREATE TABLE `movimentacao` (
  `id_mov` int(10) unsigned NOT NULL AUTO_INCREMENT,
  `id_operacao` int(10) unsigned NOT NULL,
  `flag_tipo_operacao` int(1) unsigned NOT NULL,
  PRIMARY KEY (`id_mov`)
) ENGINE=InnoDB DEFAULT CHARSET=latin1;

--
-- Dumping data for table `movimentacao`
--

/*!40000 ALTER TABLE `movimentacao` DISABLE KEYS */;
/*!40000 ALTER TABLE `movimentacao` ENABLE KEYS */;


--
-- Definition of table `parcela_compra`
--

DROP TABLE IF EXISTS `parcela_compra`;
CREATE TABLE `parcela_compra` (
  `id_parcela` int(10) unsigned NOT NULL AUTO_INCREMENT,
  `id_compra` int(10) unsigned NOT NULL,
  `data` date NOT NULL,
  `valor` double NOT NULL,
  `status` int(1) unsigned NOT NULL,
  PRIMARY KEY (`id_parcela`) USING BTREE,
  KEY `FK_parcela_compra` (`id_compra`),
  CONSTRAINT `FK_parcela_compra` FOREIGN KEY (`id_compra`) REFERENCES `comprar` (`id_compra`) ON DELETE CASCADE
) ENGINE=InnoDB DEFAULT CHARSET=latin1;

--
-- Dumping data for table `parcela_compra`
--

/*!40000 ALTER TABLE `parcela_compra` DISABLE KEYS */;
/*!40000 ALTER TABLE `parcela_compra` ENABLE KEYS */;


--
-- Definition of table `parcela_venda`
--

DROP TABLE IF EXISTS `parcela_venda`;
CREATE TABLE `parcela_venda` (
  `id_parcela` int(10) unsigned NOT NULL AUTO_INCREMENT,
  `id_venda` int(10) unsigned NOT NULL,
  `data_venda` date NOT NULL,
  `valor` double NOT NULL,
  `status` int(1) unsigned NOT NULL,
  PRIMARY KEY (`id_parcela`),
  KEY `FK_parcela_venda` (`id_venda`),
  CONSTRAINT `FK_parcela_venda` FOREIGN KEY (`id_venda`) REFERENCES `vender` (`id_venda`) ON DELETE CASCADE
) ENGINE=InnoDB DEFAULT CHARSET=latin1;

--
-- Dumping data for table `parcela_venda`
--

/*!40000 ALTER TABLE `parcela_venda` DISABLE KEYS */;
/*!40000 ALTER TABLE `parcela_venda` ENABLE KEYS */;


--
-- Definition of table `produto`
--

DROP TABLE IF EXISTS `produto`;
CREATE TABLE `produto` (
  `id_produto` int(10) unsigned NOT NULL AUTO_INCREMENT,
  `nome` varchar(45) NOT NULL,
  `fabricante` varchar(45) NOT NULL,
  `desc_utilizacao` varchar(300) DEFAULT NULL,
  `quant_disponivel` int(10) unsigned NOT NULL,
  `foto` longblob NOT NULL,
  `cod_barras` bigint(20) unsigned NOT NULL,
  PRIMARY KEY (`id_produto`)
) ENGINE=InnoDB DEFAULT CHARSET=latin1;

--
-- Dumping data for table `produto`
--

/*!40000 ALTER TABLE `produto` DISABLE KEYS */;
/*!40000 ALTER TABLE `produto` ENABLE KEYS */;


--
-- Definition of table `saldo`
--

DROP TABLE IF EXISTS `saldo`;
CREATE TABLE `saldo` (
  `data_mes_ano` date NOT NULL,
  `valor` double NOT NULL,
  PRIMARY KEY (`data_mes_ano`)
) ENGINE=InnoDB DEFAULT CHARSET=latin1;

--
-- Dumping data for table `saldo`
--

/*!40000 ALTER TABLE `saldo` DISABLE KEYS */;
/*!40000 ALTER TABLE `saldo` ENABLE KEYS */;


--
-- Definition of table `tel_cliente`
--

DROP TABLE IF EXISTS `tel_cliente`;
CREATE TABLE `tel_cliente` (
  `id_cliente` int(10) unsigned NOT NULL,
  `telefone` varchar(15) NOT NULL,
  `operadora` varchar(20) DEFAULT NULL,
  PRIMARY KEY (`id_cliente`,`telefone`),
  CONSTRAINT `FK_tel_cliente` FOREIGN KEY (`id_cliente`) REFERENCES `cliente` (`id_cliente`) ON DELETE CASCADE
) ENGINE=InnoDB DEFAULT CHARSET=latin1 ROW_FORMAT=DYNAMIC;

--
-- Dumping data for table `tel_cliente`
--

/*!40000 ALTER TABLE `tel_cliente` DISABLE KEYS */;
INSERT INTO `tel_cliente` (`id_cliente`,`telefone`,`operadora`) VALUES 
 (18,'(33)33333-3333','Vivo'),
 (19,'(14)11111-1111','Outro'),
 (20,'(33)33333-3333','Sercomtel'),
 (21,'(44)44444-4444','Sercomtel'),
 (22,'(11)11111-1111','Algar Telecom'),
 (22,'(22)22222-2222','Claro'),
 (22,'(33)33333-3333','Vivo'),
 (22,'(44)44444-4444','TIM'),
 (22,'(55)55555-5555','Oi'),
 (22,'(66)66666-6666','Sercomtel'),
 (22,'(77)77777-7777','Nextel'),
 (22,'(88)88888-8888','Outro'),
 (23,'(22)22222-2222','Sercomtel'),
 (24,'(33)33333-3333','Outro'),
 (25,'(55)55555-5555','Sercomtel'),
 (26,'(82)9191-2466','Claro'),
 (26,'(82)9932-5138','TIM'),
 (27,'(82)9119-0425','Claro'),
 (30,'(82)9136-2925','Claro'),
 (30,'(82)9644-3909','TIM'),
 (31,'(54)55555-5555','Algar Telecom'),
 (32,'(44)44444-4444','Vivo');
/*!40000 ALTER TABLE `tel_cliente` ENABLE KEYS */;


--
-- Definition of table `tel_fornecedor`
--

DROP TABLE IF EXISTS `tel_fornecedor`;
CREATE TABLE `tel_fornecedor` (
  `id_fornecedor` int(10) unsigned NOT NULL,
  `telefone` varchar(15) NOT NULL,
  `operadora` varchar(20) NOT NULL,
  PRIMARY KEY (`id_fornecedor`,`telefone`),
  CONSTRAINT `FK_tel_fornecedor` FOREIGN KEY (`id_fornecedor`) REFERENCES `fornecedor` (`id_fornecedor`) ON DELETE CASCADE
) ENGINE=InnoDB DEFAULT CHARSET=latin1;

--
-- Dumping data for table `tel_fornecedor`
--

/*!40000 ALTER TABLE `tel_fornecedor` DISABLE KEYS */;
INSERT INTO `tel_fornecedor` (`id_fornecedor`,`telefone`,`operadora`) VALUES 
 (1,'(82)3356-6302','Outro'),
 (2,'(11)11111-1111','Algar Telecom'),
 (2,'(22)22222-2222','Claro'),
 (2,'(33)33333-3333','Vivo'),
 (2,'(44)44444-4444','TIM'),
 (2,'(55)55555-5555','Oi'),
 (2,'(66)66666-6666','Sercomtel'),
 (2,'(77)77777-7777','Nextel'),
 (2,'(88)88888-8888','Outro'),
 (4,'(44)4444-4444','TIM'),
 (4,'(55)55555-5555','Algar Telecom'),
 (5,'(82)4009-1158','Outro');
/*!40000 ALTER TABLE `tel_fornecedor` ENABLE KEYS */;


--
-- Definition of table `tel_loja`
--

DROP TABLE IF EXISTS `tel_loja`;
CREATE TABLE `tel_loja` (
  `id_loja` int(10) unsigned NOT NULL,
  `telefone` varchar(15) NOT NULL,
  `operadora` varchar(20) NOT NULL,
  PRIMARY KEY (`id_loja`,`telefone`) USING BTREE,
  CONSTRAINT `FK_tel_loja` FOREIGN KEY (`id_loja`) REFERENCES `loja` (`id_loja`)
) ENGINE=InnoDB DEFAULT CHARSET=latin1;

--
-- Dumping data for table `tel_loja`
--

/*!40000 ALTER TABLE `tel_loja` DISABLE KEYS */;
INSERT INTO `tel_loja` (`id_loja`,`telefone`,`operadora`) VALUES 
 (3,'(11)11111-1111','TIM'),
 (4,'(88)88888-8888','Vivo'),
 (5,'(22)22222-2222','Claro'),
 (6,'(55)55555-5555','Claro'),
 (7,'(82)4009-1158','Outro'),
 (7,'(82)4009-1234','Outro');
/*!40000 ALTER TABLE `tel_loja` ENABLE KEYS */;


--
-- Definition of table `tp_acessorio`
--

DROP TABLE IF EXISTS `tp_acessorio`;
CREATE TABLE `tp_acessorio` (
  `id_produto` int(10) unsigned NOT NULL,
  PRIMARY KEY (`id_produto`),
  CONSTRAINT `FK_tp_acessorio_produto` FOREIGN KEY (`id_produto`) REFERENCES `produto` (`id_produto`) ON DELETE CASCADE ON UPDATE CASCADE
) ENGINE=InnoDB DEFAULT CHARSET=latin1;

--
-- Dumping data for table `tp_acessorio`
--

/*!40000 ALTER TABLE `tp_acessorio` DISABLE KEYS */;
/*!40000 ALTER TABLE `tp_acessorio` ENABLE KEYS */;


--
-- Definition of table `tp_cosmetico`
--

DROP TABLE IF EXISTS `tp_cosmetico`;
CREATE TABLE `tp_cosmetico` (
  `id_produto` int(10) unsigned NOT NULL,
  PRIMARY KEY (`id_produto`),
  CONSTRAINT `FK_tp_cosmetico_produto` FOREIGN KEY (`id_produto`) REFERENCES `produto` (`id_produto`) ON DELETE CASCADE ON UPDATE CASCADE
) ENGINE=InnoDB DEFAULT CHARSET=latin1;

--
-- Dumping data for table `tp_cosmetico`
--

/*!40000 ALTER TABLE `tp_cosmetico` DISABLE KEYS */;
/*!40000 ALTER TABLE `tp_cosmetico` ENABLE KEYS */;


--
-- Definition of table `tp_decoracao`
--

DROP TABLE IF EXISTS `tp_decoracao`;
CREATE TABLE `tp_decoracao` (
  `id_produto` int(10) unsigned NOT NULL,
  PRIMARY KEY (`id_produto`),
  CONSTRAINT `FK_tp_decoracao_produto` FOREIGN KEY (`id_produto`) REFERENCES `produto` (`id_produto`) ON DELETE CASCADE ON UPDATE CASCADE
) ENGINE=InnoDB DEFAULT CHARSET=latin1;

--
-- Dumping data for table `tp_decoracao`
--

/*!40000 ALTER TABLE `tp_decoracao` DISABLE KEYS */;
/*!40000 ALTER TABLE `tp_decoracao` ENABLE KEYS */;


--
-- Definition of table `tp_estimulante`
--

DROP TABLE IF EXISTS `tp_estimulante`;
CREATE TABLE `tp_estimulante` (
  `id_produto` int(10) unsigned NOT NULL,
  PRIMARY KEY (`id_produto`),
  CONSTRAINT `FK_tp_estimulante_produto` FOREIGN KEY (`id_produto`) REFERENCES `produto` (`id_produto`) ON DELETE CASCADE ON UPDATE CASCADE
) ENGINE=InnoDB DEFAULT CHARSET=latin1;

--
-- Dumping data for table `tp_estimulante`
--

/*!40000 ALTER TABLE `tp_estimulante` DISABLE KEYS */;
/*!40000 ALTER TABLE `tp_estimulante` ENABLE KEYS */;


--
-- Definition of table `tp_fetish`
--

DROP TABLE IF EXISTS `tp_fetish`;
CREATE TABLE `tp_fetish` (
  `id_produto` int(10) unsigned NOT NULL AUTO_INCREMENT,
  PRIMARY KEY (`id_produto`),
  CONSTRAINT `FK_tp_fetish_produto` FOREIGN KEY (`id_produto`) REFERENCES `produto` (`id_produto`) ON DELETE CASCADE ON UPDATE CASCADE
) ENGINE=InnoDB DEFAULT CHARSET=latin1;

--
-- Dumping data for table `tp_fetish`
--

/*!40000 ALTER TABLE `tp_fetish` DISABLE KEYS */;
/*!40000 ALTER TABLE `tp_fetish` ENABLE KEYS */;


--
-- Definition of table `tp_gel`
--

DROP TABLE IF EXISTS `tp_gel`;
CREATE TABLE `tp_gel` (
  `id_produto` int(10) unsigned NOT NULL,
  PRIMARY KEY (`id_produto`),
  CONSTRAINT `FK_tp_gel_produto` FOREIGN KEY (`id_produto`) REFERENCES `produto` (`id_produto`) ON DELETE CASCADE ON UPDATE CASCADE
) ENGINE=InnoDB DEFAULT CHARSET=latin1;

--
-- Dumping data for table `tp_gel`
--

/*!40000 ALTER TABLE `tp_gel` DISABLE KEYS */;
/*!40000 ALTER TABLE `tp_gel` ENABLE KEYS */;


--
-- Definition of table `tp_higiene`
--

DROP TABLE IF EXISTS `tp_higiene`;
CREATE TABLE `tp_higiene` (
  `id_produto` int(10) unsigned NOT NULL AUTO_INCREMENT,
  PRIMARY KEY (`id_produto`),
  CONSTRAINT `FK_tp_higiene_produto` FOREIGN KEY (`id_produto`) REFERENCES `produto` (`id_produto`) ON DELETE CASCADE ON UPDATE CASCADE
) ENGINE=InnoDB DEFAULT CHARSET=latin1;

--
-- Dumping data for table `tp_higiene`
--

/*!40000 ALTER TABLE `tp_higiene` DISABLE KEYS */;
/*!40000 ALTER TABLE `tp_higiene` ENABLE KEYS */;


--
-- Definition of table `tp_jogo`
--

DROP TABLE IF EXISTS `tp_jogo`;
CREATE TABLE `tp_jogo` (
  `id_produto` int(10) unsigned NOT NULL,
  `tipo` varchar(45) DEFAULT NULL,
  PRIMARY KEY (`id_produto`),
  CONSTRAINT `FK_tp_jogo_produto` FOREIGN KEY (`id_produto`) REFERENCES `produto` (`id_produto`) ON DELETE CASCADE ON UPDATE CASCADE
) ENGINE=InnoDB DEFAULT CHARSET=latin1;

--
-- Dumping data for table `tp_jogo`
--

/*!40000 ALTER TABLE `tp_jogo` DISABLE KEYS */;
/*!40000 ALTER TABLE `tp_jogo` ENABLE KEYS */;


--
-- Definition of table `tp_kit`
--

DROP TABLE IF EXISTS `tp_kit`;
CREATE TABLE `tp_kit` (
  `id_produto` int(10) unsigned NOT NULL,
  PRIMARY KEY (`id_produto`),
  CONSTRAINT `FK_tp_kit_produto` FOREIGN KEY (`id_produto`) REFERENCES `produto` (`id_produto`) ON DELETE CASCADE ON UPDATE CASCADE
) ENGINE=InnoDB DEFAULT CHARSET=latin1;

--
-- Dumping data for table `tp_kit`
--

/*!40000 ALTER TABLE `tp_kit` DISABLE KEYS */;
/*!40000 ALTER TABLE `tp_kit` ENABLE KEYS */;


--
-- Definition of table `tp_lubrificante`
--

DROP TABLE IF EXISTS `tp_lubrificante`;
CREATE TABLE `tp_lubrificante` (
  `id_produto` int(10) unsigned NOT NULL,
  `tipo` varchar(45) NOT NULL,
  PRIMARY KEY (`id_produto`),
  CONSTRAINT `FK_tp_lubrificante_produto` FOREIGN KEY (`id_produto`) REFERENCES `produto` (`id_produto`) ON DELETE CASCADE ON UPDATE CASCADE
) ENGINE=InnoDB DEFAULT CHARSET=latin1;

--
-- Dumping data for table `tp_lubrificante`
--

/*!40000 ALTER TABLE `tp_lubrificante` DISABLE KEYS */;
/*!40000 ALTER TABLE `tp_lubrificante` ENABLE KEYS */;


--
-- Definition of table `tp_perfumaria`
--

DROP TABLE IF EXISTS `tp_perfumaria`;
CREATE TABLE `tp_perfumaria` (
  `id_produto` int(10) unsigned NOT NULL,
  PRIMARY KEY (`id_produto`),
  CONSTRAINT `FK_tp_perfumaria_produto` FOREIGN KEY (`id_produto`) REFERENCES `produto` (`id_produto`) ON DELETE CASCADE ON UPDATE CASCADE
) ENGINE=InnoDB DEFAULT CHARSET=latin1;

--
-- Dumping data for table `tp_perfumaria`
--

/*!40000 ALTER TABLE `tp_perfumaria` DISABLE KEYS */;
/*!40000 ALTER TABLE `tp_perfumaria` ENABLE KEYS */;


--
-- Definition of table `tp_preservativo`
--

DROP TABLE IF EXISTS `tp_preservativo`;
CREATE TABLE `tp_preservativo` (
  `id_produto` int(10) unsigned NOT NULL,
  `tamanho` float DEFAULT NULL,
  `tipo` varchar(45) DEFAULT NULL,
  PRIMARY KEY (`id_produto`),
  CONSTRAINT `FK_tp_preservativo_preservativo` FOREIGN KEY (`id_produto`) REFERENCES `produto` (`id_produto`) ON DELETE CASCADE ON UPDATE CASCADE
) ENGINE=InnoDB DEFAULT CHARSET=latin1;

--
-- Dumping data for table `tp_preservativo`
--

/*!40000 ALTER TABLE `tp_preservativo` DISABLE KEYS */;
/*!40000 ALTER TABLE `tp_preservativo` ENABLE KEYS */;


--
-- Definition of table `tp_protese`
--

DROP TABLE IF EXISTS `tp_protese`;
CREATE TABLE `tp_protese` (
  `id_produto` int(10) unsigned NOT NULL,
  `tamanho` float DEFAULT NULL,
  `largura` float DEFAULT NULL,
  PRIMARY KEY (`id_produto`),
  CONSTRAINT `FK_tp_protese_produto` FOREIGN KEY (`id_produto`) REFERENCES `produto` (`id_produto`) ON DELETE CASCADE ON UPDATE CASCADE
) ENGINE=InnoDB DEFAULT CHARSET=latin1;

--
-- Dumping data for table `tp_protese`
--

/*!40000 ALTER TABLE `tp_protese` DISABLE KEYS */;
/*!40000 ALTER TABLE `tp_protese` ENABLE KEYS */;


--
-- Definition of table `tp_vestuario`
--

DROP TABLE IF EXISTS `tp_vestuario`;
CREATE TABLE `tp_vestuario` (
  `id_produto` int(10) unsigned NOT NULL,
  PRIMARY KEY (`id_produto`),
  CONSTRAINT `FK_tp_vestuario_produto` FOREIGN KEY (`id_produto`) REFERENCES `produto` (`id_produto`) ON DELETE CASCADE ON UPDATE CASCADE
) ENGINE=InnoDB DEFAULT CHARSET=latin1;

--
-- Dumping data for table `tp_vestuario`
--

/*!40000 ALTER TABLE `tp_vestuario` DISABLE KEYS */;
/*!40000 ALTER TABLE `tp_vestuario` ENABLE KEYS */;


--
-- Definition of table `tp_vibrador`
--

DROP TABLE IF EXISTS `tp_vibrador`;
CREATE TABLE `tp_vibrador` (
  `id_produto` int(10) unsigned NOT NULL,
  PRIMARY KEY (`id_produto`),
  CONSTRAINT `FK_tp_vibrador_produto` FOREIGN KEY (`id_produto`) REFERENCES `produto` (`id_produto`) ON DELETE CASCADE ON UPDATE CASCADE
) ENGINE=InnoDB DEFAULT CHARSET=latin1;

--
-- Dumping data for table `tp_vibrador`
--

/*!40000 ALTER TABLE `tp_vibrador` DISABLE KEYS */;
/*!40000 ALTER TABLE `tp_vibrador` ENABLE KEYS */;


--
-- Definition of table `usuario`
--

DROP TABLE IF EXISTS `usuario`;
CREATE TABLE `usuario` (
  `id_usuario` int(10) unsigned NOT NULL AUTO_INCREMENT,
  `id_loja` int(10) unsigned NOT NULL,
  `nome` varchar(100) NOT NULL,
  `cpf` varchar(45) NOT NULL,
  `rg` varchar(45) NOT NULL,
  `login` varchar(50) NOT NULL,
  `senha` varchar(128) NOT NULL,
  PRIMARY KEY (`id_usuario`,`id_loja`),
  KEY `FK_usario_loja` (`id_loja`),
  CONSTRAINT `FK_usario_loja` FOREIGN KEY (`id_loja`) REFERENCES `loja` (`id_loja`) ON DELETE CASCADE
) ENGINE=InnoDB AUTO_INCREMENT=2 DEFAULT CHARSET=latin1;

--
-- Dumping data for table `usuario`
--

/*!40000 ALTER TABLE `usuario` DISABLE KEYS */;
INSERT INTO `usuario` (`id_usuario`,`id_loja`,`nome`,`cpf`,`rg`,`login`,`senha`) VALUES 
 (1,1,'Messias Sampaio','07573489471','2002001316367','admin','admin');
/*!40000 ALTER TABLE `usuario` ENABLE KEYS */;


--
-- Definition of table `valor_compra_produto`
--

DROP TABLE IF EXISTS `valor_compra_produto`;
CREATE TABLE `valor_compra_produto` (
  `id_produto` int(10) unsigned NOT NULL,
  `data` date NOT NULL,
  `valor` float NOT NULL,
  PRIMARY KEY (`id_produto`),
  CONSTRAINT `FK_valor_compra_produto` FOREIGN KEY (`id_produto`) REFERENCES `produto` (`id_produto`) ON DELETE CASCADE ON UPDATE CASCADE
) ENGINE=InnoDB DEFAULT CHARSET=latin1;

--
-- Dumping data for table `valor_compra_produto`
--

/*!40000 ALTER TABLE `valor_compra_produto` DISABLE KEYS */;
/*!40000 ALTER TABLE `valor_compra_produto` ENABLE KEYS */;


--
-- Definition of table `valor_venda_produto`
--

DROP TABLE IF EXISTS `valor_venda_produto`;
CREATE TABLE `valor_venda_produto` (
  `id_produto` int(10) unsigned NOT NULL,
  `data` date NOT NULL,
  `valor` float NOT NULL,
  PRIMARY KEY (`id_produto`,`data`) USING BTREE,
  CONSTRAINT `FK_valor_venda_produto_1` FOREIGN KEY (`id_produto`) REFERENCES `produto` (`id_produto`) ON DELETE CASCADE ON UPDATE CASCADE
) ENGINE=InnoDB DEFAULT CHARSET=latin1;

--
-- Dumping data for table `valor_venda_produto`
--

/*!40000 ALTER TABLE `valor_venda_produto` DISABLE KEYS */;
/*!40000 ALTER TABLE `valor_venda_produto` ENABLE KEYS */;


--
-- Definition of table `vender`
--

DROP TABLE IF EXISTS `vender`;
CREATE TABLE `vender` (
  `id_venda` int(10) unsigned NOT NULL AUTO_INCREMENT,
  `data_venda` date NOT NULL,
  `id_cliente` int(10) unsigned NOT NULL,
  `id_lista_venda` int(10) unsigned NOT NULL,
  `forma_pagamento` varchar(45) NOT NULL,
  `comentario` varchar(300) DEFAULT NULL,
  `status` int(1) unsigned NOT NULL,
  PRIMARY KEY (`id_venda`),
  KEY `FK_vender_cliente` (`id_cliente`),
  KEY `FK_vender_lista_venda` (`id_lista_venda`),
  CONSTRAINT `FK_vender_cliente` FOREIGN KEY (`id_cliente`) REFERENCES `cliente` (`id_cliente`) ON DELETE CASCADE,
  CONSTRAINT `FK_vender_lista_venda` FOREIGN KEY (`id_lista_venda`) REFERENCES `lista_venda` (`id_lista_venda`) ON DELETE CASCADE
) ENGINE=InnoDB DEFAULT CHARSET=latin1;

--
-- Dumping data for table `vender`
--

/*!40000 ALTER TABLE `vender` DISABLE KEYS */;
/*!40000 ALTER TABLE `vender` ENABLE KEYS */;




/*!40101 SET SQL_MODE=@OLD_SQL_MODE */;
/*!40014 SET FOREIGN_KEY_CHECKS=@OLD_FOREIGN_KEY_CHECKS */;
/*!40014 SET UNIQUE_CHECKS=@OLD_UNIQUE_CHECKS */;
/*!40101 SET CHARACTER_SET_CLIENT=@OLD_CHARACTER_SET_CLIENT */;
/*!40101 SET CHARACTER_SET_RESULTS=@OLD_CHARACTER_SET_RESULTS */;
/*!40101 SET COLLATION_CONNECTION=@OLD_COLLATION_CONNECTION */;
/*!40101 SET CHARACTER_SET_CLIENT=@OLD_CHARACTER_SET_CLIENT */;
